review_id,product_name,rating,date,review_text
60001,Basic White T-Shirt,5,2023-04-17,گرون بود ولی کیفیتش حرف نداشت
60002,Leather Jacket Brown,4,2023-05-14,گرون بود ولی کیفیتش حرف نداشت
60003,Leather Jacket Brown,3,2023-01-23,کیفیت پارچه عالی بود، دقیقاً مثل عکس بود
60004,Basic White T-Shirt,3,2023-03-14,عالی بود، همه ازم پرسیدن از کجا خریدم
60005,Basic White T-Shirt,2,2023-12-17,رنگش فوق‌العاده قشنگه، بعد شستشو هم نرنگ شد
60006,Slim Jeans Blue,4,2023-01-28,دوختش ضعیف بود، بعد دو بار پوشیدن باز شد
60007,Slim Jeans Blue,1,2023-01-25,خیلی راحت و خوشگل، برای هر موقعیتی مناسبه
60008,Slim Jeans Blue,3,2023-03-06,خیلی خوشگل بود ولی سایزبندی‌اش بد بود
60009,Summer Cotton Dress,5,2023-07-13,رنگش فوق‌العاده قشنگه، بعد شستشو هم نرنگ شد
60010,Basic White T-Shirt,5,2023-07-26,خیلی خوشگل بود ولی سایزبندی‌اش بد بود
60011,Basic White T-Shirt,1,2023-10-26,دوختش ضعیف بود، بعد دو بار پوشیدن باز شد
60012,Basic White T-Shirt,1,2023-02-09,رنگش فوق‌العاده قشنگه، بعد شستشو هم نرنگ شد
60013,Basic White T-Shirt,4,2023-01-23,برای زمستون خیلی نازکه
60014,Slim Jeans Blue,1,2023-06-26,برای زمستون خیلی نازکه
60015,Slim Jeans Blue,1,2023-09-21,ارزش خرید بالایی داشت، پیشنهاد می‌کنم
60016,Summer Cotton Dress,1,2023-05-08,رنگش فوق‌العاده قشنگه، بعد شستشو هم نرنگ شد
60017,Slim Jeans Blue,3,2023-09-20,دوختش ضعیف بود، بعد دو بار پوشیدن باز شد
60018,Basic White T-Shirt,4,2023-10-04,عالی بود، همه ازم پرسیدن از کجا خریدم
60019,Basic White T-Shirt,1,2023-02-04,برای زمستون خیلی نازکه
60020,Oversize Hoodie Black,1,2023-04-11,رنگش فوق‌العاده قشنگه، بعد شستشو هم نرنگ شد
60021,Slim Jeans Blue,5,2023-08-13,دوختش ضعیف بود، بعد دو بار پوشیدن باز شد
60022,Oversize Hoodie Black,3,2023-08-17,اندازه‌اش خیلی کوچیک بود، ناراضی‌ام
60023,Basic White T-Shirt,1,2023-04-09,اندازه‌اش خیلی کوچیک بود، ناراضی‌ام
60024,Slim Jeans Blue,3,2023-03-23,اندازه‌اش خیلی کوچیک بود، ناراضی‌ام
60025,Basic White T-Shirt,4,2023-11-13,ارزش خرید بالایی داشت، پیشنهاد می‌کنم
60026,Oversize Hoodie Black,4,2023-11-26,رنگش فوق‌العاده قشنگه، بعد شستشو هم نرنگ شد
60027,Oversize Hoodie Black,2,2023-07-15,خیلی خوشگل بود ولی سایزبندی‌اش بد بود
60028,Leather Jacket Brown,5,2023-03-09,دوختش ضعیف بود، بعد دو بار پوشیدن باز شد
60029,Leather Jacket Brown,2,2023-09-30,عالی بود، همه ازم پرسیدن از کجا خریدم
60030,Slim Jeans Blue,3,2023-10-26,دوختش ضعیف بود، بعد دو بار پوشیدن باز شد
60031,Slim Jeans Blue,5,2023-12-10,اندازه‌اش خیلی کوچیک بود، ناراضی‌ام
60032,Slim Jeans Blue,1,2023-05-21,ارزش خرید بالایی داشت، پیشنهاد می‌کنم
60033,Slim Jeans Blue,5,2023-07-04,اندازه‌اش خیلی کوچیک بود، ناراضی‌ام
60034,Slim Jeans Blue,5,2023-06-03,عالی بود، همه ازم پرسیدن از کجا خریدم
60035,Slim Jeans Blue,4,2023-07-08,اندازه‌اش خیلی کوچیک بود، ناراضی‌ام
60036,Slim Jeans Blue,2,2023-03-03,گرون بود ولی کیفیتش حرف نداشت
60037,Oversize Hoodie Black,4,2023-01-19,خیلی راحت و خوشگل، برای هر موقعیتی مناسبه
60038,Oversize Hoodie Black,4,2023-03-22,خیلی راحت و خوشگل، برای هر موقعیتی مناسبه
60039,Oversize Hoodie Black,2,2023-01-30,عالی بود، همه ازم پرسیدن از کجا خریدم
60040,Basic White T-Shirt,4,2023-05-07,خیلی راحت و خوشگل، برای هر موقعیتی مناسبه
60041,Summer Cotton Dress,5,2023-08-06,عالی بود، همه ازم پرسیدن از کجا خریدم
60042,Basic White T-Shirt,3,2023-01-13,برای زمستون خیلی نازکه
60043,Slim Jeans Blue,1,2023-06-26,عالی بود، همه ازم پرسیدن از کجا خریدم
60044,Summer Cotton Dress,1,2023-12-04,خیلی راحت و خوشگل، برای هر موقعیتی مناسبه
60045,Oversize Hoodie Black,4,2023-05-01,دوختش ضعیف بود، بعد دو بار پوشیدن باز شد
60046,Oversize Hoodie Black,2,2023-06-28,ارزش خرید بالایی داشت، پیشنهاد می‌کنم
60047,Leather Jacket Brown,5,2023-04-21,برای زمستون خیلی نازکه
60048,Slim Jeans Blue,4,2023-01-09,دوختش ضعیف بود، بعد دو بار پوشیدن باز شد
60049,Slim Jeans Blue,5,2023-08-10,اندازه‌اش خیلی کوچیک بود، ناراضی‌ام
60050,Leather Jacket Brown,5,2023-10-12,گرون بود ولی کیفیتش حرف نداشت
60051,Basic White T-Shirt,1,2023-12-15,ارزش خرید بالایی داشت، پیشنهاد می‌کنم
60052,Leather Jacket Brown,3,2023-04-20,رنگش فوق‌العاده قشنگه، بعد شستشو هم نرنگ شد
60053,Slim Jeans Blue,3,2023-05-16,عالی بود، همه ازم پرسیدن از کجا خریدم
60054,Oversize Hoodie Black,2,2023-04-18,رنگش فوق‌العاده قشنگه، بعد شستشو هم نرنگ شد
60055,Leather Jacket Brown,3,2023-12-03,خیلی خوشگل بود ولی سایزبندی‌اش بد بود
60056,Summer Cotton Dress,4,2023-07-23,خیلی راحت و خوشگل، برای هر موقعیتی مناسبه
60057,Oversize Hoodie Black,1,2023-01-15,برای زمستون خیلی نازکه
60058,Basic White T-Shirt,1,2023-06-11,خیلی راحت و خوشگل، برای هر موقعیتی مناسبه
60059,Oversize Hoodie Black,5,2023-07-14,اندازه‌اش خیلی کوچیک بود، ناراضی‌ام
60060,Basic White T-Shirt,4,2023-09-18,برای زمستون خیلی نازکه
60061,Oversize Hoodie Black,4,2023-12-20,خیلی خوشگل بود ولی سایزبندی‌اش بد بود
60062,Slim Jeans Blue,5,2023-01-09,عالی بود، همه ازم پرسیدن از کجا خریدم
60063,Basic White T-Shirt,5,2023-08-04,خیلی راحت و خوشگل، برای هر موقعیتی مناسبه
60064,Basic White T-Shirt,1,2023-09-18,ارزش خرید بالایی داشت، پیشنهاد می‌کنم
60065,Leather Jacket Brown,4,2023-04-23,ارزش خرید بالایی داشت، پیشنهاد می‌کنم
60066,Oversize Hoodie Black,3,2023-04-27,اندازه‌اش خیلی کوچیک بود، ناراضی‌ام
60067,Basic White T-Shirt,3,2023-12-06,برای زمستون خیلی نازکه
60068,Basic White T-Shirt,1,2023-02-16,ارزش خرید بالایی داشت، پیشنهاد می‌کنم
60069,Oversize Hoodie Black,3,2023-11-14,دوختش ضعیف بود، بعد دو بار پوشیدن باز شد
60070,Oversize Hoodie Black,3,2023-10-28,اندازه‌اش خیلی کوچیک بود، ناراضی‌ام
60071,Summer Cotton Dress,4,2023-11-18,خیلی خوشگل بود ولی سایزبندی‌اش بد بود
60072,Leather Jacket Brown,4,2023-10-06,کیفیت پارچه عالی بود، دقیقاً مثل عکس بود
60073,Basic White T-Shirt,2,2023-04-08,گرون بود ولی کیفیتش حرف نداشت
60074,Oversize Hoodie Black,4,2023-04-03,خیلی راحت و خوشگل، برای هر موقعیتی مناسبه
60075,Basic White T-Shirt,2,2023-10-26,گرون بود ولی کیفیتش حرف نداشت
60076,Summer Cotton Dress,4,2023-09-09,دوختش ضعیف بود، بعد دو بار پوشیدن باز شد
60077,Summer Cotton Dress,5,2023-06-12,کیفیت پارچه عالی بود، دقیقاً مثل عکس بود
60078,Basic White T-Shirt,4,2023-06-07,دوختش ضعیف بود، بعد دو بار پوشیدن باز شد
60079,Leather Jacket Brown,2,2023-03-08,خیلی راحت و خوشگل، برای هر موقعیتی مناسبه
60080,Slim Jeans Blue,3,2023-05-18,کیفیت پارچه عالی بود، دقیقاً مثل عکس بود
60081,Basic White T-Shirt,4,2023-11-08,خیلی خوشگل بود ولی سایزبندی‌اش بد بود
60082,Summer Cotton Dress,3,2023-10-17,اندازه‌اش خیلی کوچیک بود، ناراضی‌ام
60083,Leather Jacket Brown,3,2023-03-06,برای زمستون خیلی نازکه
60084,Oversize Hoodie Black,4,2023-09-19,کیفیت پارچه عالی بود، دقیقاً مثل عکس بود
60085,Leather Jacket Brown,4,2023-07-17,خیلی خوشگل بود ولی سایزبندی‌اش بد بود
60086,Leather Jacket Brown,5,2023-06-20,خیلی راحت و خوشگل، برای هر موقعیتی مناسبه
60087,Basic White T-Shirt,2,2023-01-16,عالی بود، همه ازم پرسیدن از کجا خریدم
60088,Leather Jacket Brown,4,2023-07-10,دوختش ضعیف بود، بعد دو بار پوشیدن باز شد
60089,Oversize Hoodie Black,3,2023-01-25,خیلی خوشگل بود ولی سایزبندی‌اش بد بود
60090,Basic White T-Shirt,3,2023-09-07,گرون بود ولی کیفیتش حرف نداشت
60091,Summer Cotton Dress,4,2023-01-27,اندازه‌اش خیلی کوچیک بود، ناراضی‌ام
60092,Oversize Hoodie Black,2,2023-06-19,خیلی راحت و خوشگل، برای هر موقعیتی مناسبه
60093,Basic White T-Shirt,3,2023-04-27,خیلی راحت و خوشگل، برای هر موقعیتی مناسبه
60094,Basic White T-Shirt,5,2023-02-24,کیفیت پارچه عالی بود، دقیقاً مثل عکس بود
60095,Slim Jeans Blue,3,2023-01-26,عالی بود، همه ازم پرسیدن از کجا خریدم
60096,Oversize Hoodie Black,2,2023-09-29,رنگش فوق‌العاده قشنگه، بعد شستشو هم نرنگ شد
60097,Leather Jacket Brown,1,2023-04-18,خیلی راحت و خوشگل، برای هر موقعیتی مناسبه
60098,Oversize Hoodie Black,5,2023-03-31,اندازه‌اش خیلی کوچیک بود، ناراضی‌ام
60099,Oversize Hoodie Black,5,2023-05-02,خیلی خوشگل بود ولی سایزبندی‌اش بد بود
60100,Slim Jeans Blue,1,2023-12-11,دوختش ضعیف بود، بعد دو بار پوشیدن باز شد
60101,Leather Jacket Brown,5,2023-08-31,دوختش ضعیف بود، بعد دو بار پوشیدن باز شد
60102,Slim Jeans Blue,5,2023-09-26,رنگش فوق‌العاده قشنگه، بعد شستشو هم نرنگ شد
60103,Slim Jeans Blue,5,2023-09-09,عالی بود، همه ازم پرسیدن از کجا خریدم
60104,Slim Jeans Blue,3,2023-03-16,کیفیت پارچه عالی بود، دقیقاً مثل عکس بود
60105,Oversize Hoodie Black,3,2023-04-22,اندازه‌اش خیلی کوچیک بود، ناراضی‌ام
60106,Slim Jeans Blue,4,2023-05-31,کیفیت پارچه عالی بود، دقیقاً مثل عکس بود
60107,Summer Cotton Dress,4,2023-09-27,ارزش خرید بالایی داشت، پیشنهاد می‌کنم
60108,Leather Jacket Brown,3,2023-04-08,خیلی راحت و خوشگل، برای هر موقعیتی مناسبه
60109,Leather Jacket Brown,5,2023-09-12,خیلی خوشگل بود ولی سایزبندی‌اش بد بود
60110,Slim Jeans Blue,2,2023-06-17,کیفیت پارچه عالی بود، دقیقاً مثل عکس بود
60111,Oversize Hoodie Black,1,2023-09-07,گرون بود ولی کیفیتش حرف نداشت
60112,Basic White T-Shirt,4,2023-11-16,برای زمستون خیلی نازکه
60113,Basic White T-Shirt,5,2023-09-03,دوختش ضعیف بود، بعد دو بار پوشیدن باز شد
60114,Oversize Hoodie Black,4,2023-08-01,گرون بود ولی کیفیتش حرف نداشت
60115,Slim Jeans Blue,2,2023-10-03,خیلی راحت و خوشگل، برای هر موقعیتی مناسبه
60116,Slim Jeans Blue,5,2023-11-30,خیلی راحت و خوشگل، برای هر موقعیتی مناسبه
60117,Summer Cotton Dress,3,2023-10-07,خیلی راحت و خوشگل، برای هر موقعیتی مناسبه
60118,Basic White T-Shirt,2,2023-02-15,دوختش ضعیف بود، بعد دو بار پوشیدن باز شد
60119,Basic White T-Shirt,4,2023-01-18,عالی بود، همه ازم پرسیدن از کجا خریدم
60120,Leather Jacket Brown,5,2023-09-03,خیلی راحت و خوشگل، برای هر موقعیتی مناسبه
60121,Slim Jeans Blue,5,2023-12-16,گرون بود ولی کیفیتش حرف نداشت
60122,Oversize Hoodie Black,1,2023-08-08,برای زمستون خیلی نازکه
60123,Slim Jeans Blue,1,2023-06-25,ارزش خرید بالایی داشت، پیشنهاد می‌کنم
60124,Slim Jeans Blue,1,2023-08-22,خیلی راحت و خوشگل، برای هر موقعیتی مناسبه
60125,Summer Cotton Dress,3,2023-05-29,دوختش ضعیف بود، بعد دو بار پوشیدن باز شد
60126,Oversize Hoodie Black,5,2023-04-08,عالی بود، همه ازم پرسیدن از کجا خریدم
60127,Summer Cotton Dress,5,2023-01-05,خیلی راحت و خوشگل، برای هر موقعیتی مناسبه
60128,Summer Cotton Dress,4,2023-06-08,خیلی راحت و خوشگل، برای هر موقعیتی مناسبه
60129,Summer Cotton Dress,3,2023-03-28,گرون بود ولی کیفیتش حرف نداشت
60130,Summer Cotton Dress,1,2023-08-19,ارزش خرید بالایی داشت، پیشنهاد می‌کنم
60131,Slim Jeans Blue,5,2023-04-30,کیفیت پارچه عالی بود، دقیقاً مثل عکس بود
60132,Leather Jacket Brown,1,2023-06-21,برای زمستون خیلی نازکه
60133,Slim Jeans Blue,2,2023-03-05,دوختش ضعیف بود، بعد دو بار پوشیدن باز شد
60134,Summer Cotton Dress,3,2023-04-04,خیلی خوشگل بود ولی سایزبندی‌اش بد بود
60135,Summer Cotton Dress,1,2023-06-19,اندازه‌اش خیلی کوچیک بود، ناراضی‌ام
60136,Leather Jacket Brown,3,2023-08-23,دوختش ضعیف بود، بعد دو بار پوشیدن باز شد
60137,Basic White T-Shirt,5,2023-05-01,عالی بود، همه ازم پرسیدن از کجا خریدم
60138,Oversize Hoodie Black,2,2023-04-10,ارزش خرید بالایی داشت، پیشنهاد می‌کنم
60139,Summer Cotton Dress,4,2023-05-15,عالی بود، همه ازم پرسیدن از کجا خریدم
60140,Summer Cotton Dress,2,2023-11-11,دوختش ضعیف بود، بعد دو بار پوشیدن باز شد
60141,Slim Jeans Blue,3,2023-03-10,خیلی راحت و خوشگل، برای هر موقعیتی مناسبه
60142,Summer Cotton Dress,2,2023-07-17,خیلی خوشگل بود ولی سایزبندی‌اش بد بود
60143,Summer Cotton Dress,5,2023-11-01,رنگش فوق‌العاده قشنگه، بعد شستشو هم نرنگ شد
60144,Oversize Hoodie Black,3,2023-07-25,اندازه‌اش خیلی کوچیک بود، ناراضی‌ام
60145,Slim Jeans Blue,3,2023-01-11,برای زمستون خیلی نازکه
60146,Basic White T-Shirt,5,2023-05-10,کیفیت پارچه عالی بود، دقیقاً مثل عکس بود
60147,Summer Cotton Dress,1,2023-08-11,خیلی خوشگل بود ولی سایزبندی‌اش بد بود
60148,Summer Cotton Dress,4,2023-04-20,اندازه‌اش خیلی کوچیک بود، ناراضی‌ام
60149,Basic White T-Shirt,2,2023-01-27,ارزش خرید بالایی داشت، پیشنهاد می‌کنم
60150,Leather Jacket Brown,4,2023-11-16,ارزش خرید بالایی داشت، پیشنهاد می‌کنم
60151,Basic White T-Shirt,4,2023-07-13,کیفیت پارچه عالی بود، دقیقاً مثل عکس بود
60152,Basic White T-Shirt,5,2023-12-12,عالی بود، همه ازم پرسیدن از کجا خریدم
60153,Slim Jeans Blue,1,2023-01-16,خیلی راحت و خوشگل، برای هر موقعیتی مناسبه
60154,Basic White T-Shirt,4,2023-03-14,گرون بود ولی کیفیتش حرف نداشت
60155,Slim Jeans Blue,3,2023-04-26,خیلی خوشگل بود ولی سایزبندی‌اش بد بود
60156,Basic White T-Shirt,1,2023-07-20,برای زمستون خیلی نازکه
60157,Summer Cotton Dress,5,2023-05-13,اندازه‌اش خیلی کوچیک بود، ناراضی‌ام
60158,Summer Cotton Dress,4,2023-06-13,گرون بود ولی کیفیتش حرف نداشت
60159,Leather Jacket Brown,5,2023-01-07,کیفیت پارچه عالی بود، دقیقاً مثل عکس بود
60160,Basic White T-Shirt,2,2023-03-02,رنگش فوق‌العاده قشنگه، بعد شستشو هم نرنگ شد
60161,Oversize Hoodie Black,5,2023-12-18,خیلی راحت و خوشگل، برای هر موقعیتی مناسبه
60162,Basic White T-Shirt,3,2023-04-30,رنگش فوق‌العاده قشنگه، بعد شستشو هم نرنگ شد
60163,Oversize Hoodie Black,5,2023-01-31,عالی بود، همه ازم پرسیدن از کجا خریدم
60164,Basic White T-Shirt,1,2023-02-17,گرون بود ولی کیفیتش حرف نداشت
60165,Slim Jeans Blue,2,2023-04-01,رنگش فوق‌العاده قشنگه، بعد شستشو هم نرنگ شد
60166,Summer Cotton Dress,3,2023-01-06,گرون بود ولی کیفیتش حرف نداشت
60167,Oversize Hoodie Black,2,2023-10-12,اندازه‌اش خیلی کوچیک بود، ناراضی‌ام
60168,Oversize Hoodie Black,3,2023-03-25,رنگش فوق‌العاده قشنگه، بعد شستشو هم نرنگ شد
60169,Basic White T-Shirt,2,2023-05-19,گرون بود ولی کیفیتش حرف نداشت
60170,Summer Cotton Dress,4,2023-10-02,خیلی خوشگل بود ولی سایزبندی‌اش بد بود
60171,Leather Jacket Brown,5,2023-11-26,دوختش ضعیف بود، بعد دو بار پوشیدن باز شد
60172,Oversize Hoodie Black,1,2023-05-13,برای زمستون خیلی نازکه
60173,Summer Cotton Dress,1,2023-04-13,عالی بود، همه ازم پرسیدن از کجا خریدم
60174,Summer Cotton Dress,4,2023-11-22,ارزش خرید بالایی داشت، پیشنهاد می‌کنم
60175,Oversize Hoodie Black,2,2023-04-05,خیلی راحت و خوشگل، برای هر موقعیتی مناسبه
60176,Slim Jeans Blue,5,2023-01-18,رنگش فوق‌العاده قشنگه، بعد شستشو هم نرنگ شد
60177,Slim Jeans Blue,4,2023-01-21,ارزش خرید بالایی داشت، پیشنهاد می‌کنم
60178,Basic White T-Shirt,2,2023-01-06,برای زمستون خیلی نازکه
60179,Basic White T-Shirt,5,2023-01-24,دوختش ضعیف بود، بعد دو بار پوشیدن باز شد
60180,Summer Cotton Dress,2,2023-08-13,گرون بود ولی کیفیتش حرف نداشت
60181,Oversize Hoodie Black,1,2023-03-01,گرون بود ولی کیفیتش حرف نداشت
60182,Slim Jeans Blue,5,2023-10-11,گرون بود ولی کیفیتش حرف نداشت
60183,Summer Cotton Dress,1,2023-08-08,برای زمستون خیلی نازکه
60184,Slim Jeans Blue,1,2023-11-26,اندازه‌اش خیلی کوچیک بود، ناراضی‌ام
60185,Oversize Hoodie Black,5,2023-10-06,عالی بود، همه ازم پرسیدن از کجا خریدم
60186,Slim Jeans Blue,4,2023-12-01,اندازه‌اش خیلی کوچیک بود، ناراضی‌ام
60187,Leather Jacket Brown,2,2023-02-15,کیفیت پارچه عالی بود، دقیقاً مثل عکس بود
60188,Basic White T-Shirt,5,2023-10-20,خیلی خوشگل بود ولی سایزبندی‌اش بد بود
60189,Slim Jeans Blue,1,2023-05-22,ارزش خرید بالایی داشت، پیشنهاد می‌کنم
60190,Oversize Hoodie Black,2,2023-10-31,اندازه‌اش خیلی کوچیک بود، ناراضی‌ام
60191,Oversize Hoodie Black,5,2023-03-19,دوختش ضعیف بود، بعد دو بار پوشیدن باز شد
60192,Leather Jacket Brown,4,2023-07-18,کیفیت پارچه عالی بود، دقیقاً مثل عکس بود
60193,Oversize Hoodie Black,5,2023-04-25,گرون بود ولی کیفیتش حرف نداشت
60194,Leather Jacket Brown,5,2023-02-05,کیفیت پارچه عالی بود، دقیقاً مثل عکس بود
60195,Summer Cotton Dress,3,2023-03-01,عالی بود، همه ازم پرسیدن از کجا خریدم
60196,Slim Jeans Blue,2,2023-09-02,دوختش ضعیف بود، بعد دو بار پوشیدن باز شد
60197,Oversize Hoodie Black,5,2023-03-20,دوختش ضعیف بود، بعد دو بار پوشیدن باز شد
60198,Basic White T-Shirt,1,2023-07-10,رنگش فوق‌العاده قشنگه، بعد شستشو هم نرنگ شد
60199,Slim Jeans Blue,1,2023-04-07,اندازه‌اش خیلی کوچیک بود، ناراضی‌ام
60200,Leather Jacket Brown,3,2023-10-31,ارزش خرید بالایی داشت، پیشنهاد می‌کنم
60201,Slim Jeans Blue,1,2023-05-30,خیلی راحت و خوشگل، برای هر موقعیتی مناسبه
60202,Slim Jeans Blue,5,2023-02-12,خیلی خوشگل بود ولی سایزبندی‌اش بد بود
60203,Oversize Hoodie Black,2,2023-10-24,خیلی راحت و خوشگل، برای هر موقعیتی مناسبه
60204,Basic White T-Shirt,3,2023-11-15,ارزش خرید بالایی داشت، پیشنهاد می‌کنم
60205,Summer Cotton Dress,3,2023-08-06,اندازه‌اش خیلی کوچیک بود، ناراضی‌ام
60206,Basic White T-Shirt,4,2023-07-26,اندازه‌اش خیلی کوچیک بود، ناراضی‌ام
60207,Leather Jacket Brown,4,2023-05-26,خیلی خوشگل بود ولی سایزبندی‌اش بد بود
60208,Basic White T-Shirt,2,2023-11-24,خیلی خوشگل بود ولی سایزبندی‌اش بد بود
60209,Basic White T-Shirt,2,2023-09-16,خیلی راحت و خوشگل، برای هر موقعیتی مناسبه
60210,Leather Jacket Brown,3,2023-02-23,ارزش خرید بالایی داشت، پیشنهاد می‌کنم
60211,Basic White T-Shirt,5,2023-04-29,اندازه‌اش خیلی کوچیک بود، ناراضی‌ام
60212,Summer Cotton Dress,5,2023-08-31,گرون بود ولی کیفیتش حرف نداشت
60213,Slim Jeans Blue,4,2023-05-22,عالی بود، همه ازم پرسیدن از کجا خریدم
60214,Summer Cotton Dress,2,2023-10-17,برای زمستون خیلی نازکه
60215,Slim Jeans Blue,2,2023-05-07,ارزش خرید بالایی داشت، پیشنهاد می‌کنم
60216,Slim Jeans Blue,5,2023-08-13,اندازه‌اش خیلی کوچیک بود، ناراضی‌ام
60217,Basic White T-Shirt,4,2023-08-17,ارزش خرید بالایی داشت، پیشنهاد می‌کنم
60218,Slim Jeans Blue,5,2023-08-29,عالی بود، همه ازم پرسیدن از کجا خریدم
60219,Leather Jacket Brown,5,2023-09-14,خیلی خوشگل بود ولی سایزبندی‌اش بد بود
60220,Summer Cotton Dress,3,2023-09-02,کیفیت پارچه عالی بود، دقیقاً مثل عکس بود
60221,Slim Jeans Blue,2,2023-06-25,ارزش خرید بالایی داشت، پیشنهاد می‌کنم
60222,Basic White T-Shirt,3,2023-01-10,کیفیت پارچه عالی بود، دقیقاً مثل عکس بود
60223,Basic White T-Shirt,3,2023-03-24,ارزش خرید بالایی داشت، پیشنهاد می‌کنم
60224,Basic White T-Shirt,5,2023-05-19,خیلی خوشگل بود ولی سایزبندی‌اش بد بود
60225,Oversize Hoodie Black,4,2023-04-29,خیلی راحت و خوشگل، برای هر موقعیتی مناسبه
60226,Summer Cotton Dress,5,2023-05-07,رنگش فوق‌العاده قشنگه، بعد شستشو هم نرنگ شد
60227,Basic White T-Shirt,4,2023-04-09,رنگش فوق‌العاده قشنگه، بعد شستشو هم نرنگ شد
60228,Leather Jacket Brown,2,2023-03-07,خیلی راحت و خوشگل، برای هر موقعیتی مناسبه
60229,Basic White T-Shirt,1,2023-09-16,رنگش فوق‌العاده قشنگه، بعد شستشو هم نرنگ شد
60230,Oversize Hoodie Black,2,2023-05-23,برای زمستون خیلی نازکه
60231,Summer Cotton Dress,5,2023-02-28,خیلی راحت و خوشگل، برای هر موقعیتی مناسبه
60232,Slim Jeans Blue,4,2023-09-01,کیفیت پارچه عالی بود، دقیقاً مثل عکس بود
60233,Summer Cotton Dress,1,2023-07-11,خیلی راحت و خوشگل، برای هر موقعیتی مناسبه
60234,Slim Jeans Blue,4,2023-12-14,کیفیت پارچه عالی بود، دقیقاً مثل عکس بود
60235,Slim Jeans Blue,4,2023-05-10,خیلی خوشگل بود ولی سایزبندی‌اش بد بود
60236,Basic White T-Shirt,1,2023-06-07,خیلی خوشگل بود ولی سایزبندی‌اش بد بود
60237,Leather Jacket Brown,1,2023-06-15,رنگش فوق‌العاده قشنگه، بعد شستشو هم نرنگ شد
60238,Leather Jacket Brown,2,2023-09-18,خیلی راحت و خوشگل، برای هر موقعیتی مناسبه
60239,Basic White T-Shirt,3,2023-05-13,خیلی راحت و خوشگل، برای هر موقعیتی مناسبه
60240,Oversize Hoodie Black,1,2023-01-12,برای زمستون خیلی نازکه
60241,Slim Jeans Blue,3,2023-05-12,ارزش خرید بالایی داشت، پیشنهاد می‌کنم
60242,Leather Jacket Brown,3,2023-06-02,رنگش فوق‌العاده قشنگه، بعد شستشو هم نرنگ شد
60243,Summer Cotton Dress,3,2023-10-09,گرون بود ولی کیفیتش حرف نداشت
60244,Oversize Hoodie Black,3,2023-02-24,خیلی راحت و خوشگل، برای هر موقعیتی مناسبه
60245,Basic White T-Shirt,1,2023-09-13,گرون بود ولی کیفیتش حرف نداشت
60246,Oversize Hoodie Black,4,2023-05-06,اندازه‌اش خیلی کوچیک بود، ناراضی‌ام
60247,Leather Jacket Brown,1,2023-02-15,گرون بود ولی کیفیتش حرف نداشت
60248,Basic White T-Shirt,1,2023-06-23,عالی بود، همه ازم پرسیدن از کجا خریدم
60249,Leather Jacket Brown,5,2023-10-26,گرون بود ولی کیفیتش حرف نداشت
60250,Slim Jeans Blue,5,2023-01-21,ارزش خرید بالایی داشت، پیشنهاد می‌کنم
60251,Oversize Hoodie Black,2,2023-09-12,خیلی راحت و خوشگل، برای هر موقعیتی مناسبه
60252,Slim Jeans Blue,3,2023-06-14,برای زمستون خیلی نازکه
60253,Summer Cotton Dress,3,2023-09-25,کیفیت پارچه عالی بود، دقیقاً مثل عکس بود
60254,Slim Jeans Blue,5,2023-04-11,دوختش ضعیف بود، بعد دو بار پوشیدن باز شد
60255,Oversize Hoodie Black,4,2023-05-29,کیفیت پارچه عالی بود، دقیقاً مثل عکس بود
60256,Summer Cotton Dress,2,2023-05-21,خیلی خوشگل بود ولی سایزبندی‌اش بد بود
60257,Leather Jacket Brown,4,2023-02-02,کیفیت پارچه عالی بود، دقیقاً مثل عکس بود
60258,Summer Cotton Dress,5,2023-08-24,ارزش خرید بالایی داشت، پیشنهاد می‌کنم
60259,Oversize Hoodie Black,4,2023-07-17,ارزش خرید بالایی داشت، پیشنهاد می‌کنم
60260,Basic White T-Shirt,3,2023-08-23,گرون بود ولی کیفیتش حرف نداشت
60261,Summer Cotton Dress,5,2023-11-28,خیلی خوشگل بود ولی سایزبندی‌اش بد بود
60262,Leather Jacket Brown,4,2023-04-30,برای زمستون خیلی نازکه
60263,Summer Cotton Dress,2,2023-06-07,ارزش خرید بالایی داشت، پیشنهاد می‌کنم
60264,Slim Jeans Blue,2,2023-02-06,اندازه‌اش خیلی کوچیک بود، ناراضی‌ام
60265,Basic White T-Shirt,1,2023-12-04,خیلی راحت و خوشگل، برای هر موقعیتی مناسبه
60266,Oversize Hoodie Black,5,2023-05-24,برای زمستون خیلی نازکه
60267,Basic White T-Shirt,5,2023-02-14,اندازه‌اش خیلی کوچیک بود، ناراضی‌ام
60268,Slim Jeans Blue,5,2023-07-18,گرون بود ولی کیفیتش حرف نداشت
60269,Basic White T-Shirt,3,2023-08-26,خیلی راحت و خوشگل، برای هر موقعیتی مناسبه
60270,Slim Jeans Blue,3,2023-05-09,خیلی خوشگل بود ولی سایزبندی‌اش بد بود
60271,Summer Cotton Dress,5,2023-06-30,ارزش خرید بالایی داشت، پیشنهاد می‌کنم
60272,Oversize Hoodie Black,4,2023-01-28,کیفیت پارچه عالی بود، دقیقاً مثل عکس بود
60273,Slim Jeans Blue,3,2023-10-27,عالی بود، همه ازم پرسیدن از کجا خریدم
60274,Slim Jeans Blue,5,2023-03-08,ارزش خرید بالایی داشت، پیشنهاد می‌کنم
60275,Summer Cotton Dress,3,2023-08-30,گرون بود ولی کیفیتش حرف نداشت
60276,Slim Jeans Blue,1,2023-09-01,ارزش خرید بالایی داشت، پیشنهاد می‌کنم
60277,Oversize Hoodie Black,2,2023-06-16,گرون بود ولی کیفیتش حرف نداشت
60278,Leather Jacket Brown,1,2023-09-23,دوختش ضعیف بود، بعد دو بار پوشیدن باز شد
60279,Basic White T-Shirt,5,2023-02-20,رنگش فوق‌العاده قشنگه، بعد شستشو هم نرنگ شد
60280,Slim Jeans Blue,2,2023-04-19,ارزش خرید بالایی داشت، پیشنهاد می‌کنم
60281,Basic White T-Shirt,4,2023-12-01,خیلی خوشگل بود ولی سایزبندی‌اش بد بود
60282,Basic White T-Shirt,5,2023-05-14,برای زمستون خیلی نازکه
60283,Leather Jacket Brown,4,2023-06-16,ارزش خرید بالایی داشت، پیشنهاد می‌کنم
60284,Slim Jeans Blue,4,2023-03-21,برای زمستون خیلی نازکه
60285,Oversize Hoodie Black,3,2023-12-04,اندازه‌اش خیلی کوچیک بود، ناراضی‌ام
60286,Slim Jeans Blue,3,2023-04-09,کیفیت پارچه عالی بود، دقیقاً مثل عکس بود
60287,Basic White T-Shirt,2,2023-06-02,خیلی راحت و خوشگل، برای هر موقعیتی مناسبه
60288,Summer Cotton Dress,2,2023-10-16,دوختش ضعیف بود، بعد دو بار پوشیدن باز شد
60289,Leather Jacket Brown,3,2023-03-24,خیلی خوشگل بود ولی سایزبندی‌اش بد بود
60290,Oversize Hoodie Black,2,2023-04-12,گرون بود ولی کیفیتش حرف نداشت
60291,Oversize Hoodie Black,1,2023-11-27,عالی بود، همه ازم پرسیدن از کجا خریدم
60292,Basic White T-Shirt,5,2023-08-19,کیفیت پارچه عالی بود، دقیقاً مثل عکس بود
60293,Oversize Hoodie Black,1,2023-09-09,ارزش خرید بالایی داشت، پیشنهاد می‌کنم
60294,Basic White T-Shirt,5,2023-11-17,کیفیت پارچه عالی بود، دقیقاً مثل عکس بود
60295,Oversize Hoodie Black,3,2023-01-25,عالی بود، همه ازم پرسیدن از کجا خریدم
60296,Oversize Hoodie Black,1,2023-02-26,کیفیت پارچه عالی بود، دقیقاً مثل عکس بود
60297,Basic White T-Shirt,4,2023-10-29,خیلی راحت و خوشگل، برای هر موقعیتی مناسبه
60298,Leather Jacket Brown,1,2023-04-10,رنگش فوق‌العاده قشنگه، بعد شستشو هم نرنگ شد
60299,Oversize Hoodie Black,2,2023-04-29,اندازه‌اش خیلی کوچیک بود، ناراضی‌ام
60300,Slim Jeans Blue,1,2023-05-31,عالی بود، همه ازم پرسیدن از کجا خریدم
60301,Summer Cotton Dress,3,2023-03-21,ارزش خرید بالایی داشت، پیشنهاد می‌کنم
60302,Basic White T-Shirt,3,2023-11-27,خیلی راحت و خوشگل، برای هر موقعیتی مناسبه
60303,Oversize Hoodie Black,2,2023-05-30,رنگش فوق‌العاده قشنگه، بعد شستشو هم نرنگ شد
60304,Leather Jacket Brown,5,2023-05-06,ارزش خرید بالایی داشت، پیشنهاد می‌کنم
60305,Slim Jeans Blue,2,2023-10-16,ارزش خرید بالایی داشت، پیشنهاد می‌کنم
60306,Basic White T-Shirt,5,2023-02-10,دوختش ضعیف بود، بعد دو بار پوشیدن باز شد
60307,Slim Jeans Blue,3,2023-07-09,رنگش فوق‌العاده قشنگه، بعد شستشو هم نرنگ شد
60308,Summer Cotton Dress,3,2023-03-04,خیلی خوشگل بود ولی سایزبندی‌اش بد بود
60309,Leather Jacket Brown,5,2023-07-24,برای زمستون خیلی نازکه
60310,Basic White T-Shirt,1,2023-12-07,ارزش خرید بالایی داشت، پیشنهاد می‌کنم
60311,Basic White T-Shirt,1,2023-07-23,دوختش ضعیف بود، بعد دو بار پوشیدن باز شد
60312,Oversize Hoodie Black,2,2023-06-28,گرون بود ولی کیفیتش حرف نداشت
60313,Slim Jeans Blue,3,2023-12-12,کیفیت پارچه عالی بود، دقیقاً مثل عکس بود
60314,Basic White T-Shirt,1,2023-11-17,گرون بود ولی کیفیتش حرف نداشت
60315,Slim Jeans Blue,3,2023-04-15,کیفیت پارچه عالی بود، دقیقاً مثل عکس بود
60316,Summer Cotton Dress,2,2023-11-09,برای زمستون خیلی نازکه
60317,Oversize Hoodie Black,4,2023-03-27,ارزش خرید بالایی داشت، پیشنهاد می‌کنم
60318,Summer Cotton Dress,3,2023-11-24,گرون بود ولی کیفیتش حرف نداشت
60319,Oversize Hoodie Black,4,2023-09-08,گرون بود ولی کیفیتش حرف نداشت
60320,Oversize Hoodie Black,3,2023-12-04,کیفیت پارچه عالی بود، دقیقاً مثل عکس بود
60321,Slim Jeans Blue,5,2023-01-04,اندازه‌اش خیلی کوچیک بود، ناراضی‌ام
60322,Oversize Hoodie Black,4,2023-11-17,خیلی خوشگل بود ولی سایزبندی‌اش بد بود
60323,Summer Cotton Dress,5,2023-07-03,رنگش فوق‌العاده قشنگه، بعد شستشو هم نرنگ شد
60324,Summer Cotton Dress,5,2023-06-30,عالی بود، همه ازم پرسیدن از کجا خریدم
60325,Summer Cotton Dress,2,2023-10-27,برای زمستون خیلی نازکه
60326,Slim Jeans Blue,2,2023-01-16,عالی بود، همه ازم پرسیدن از کجا خریدم
60327,Slim Jeans Blue,1,2023-04-04,ارزش خرید بالایی داشت، پیشنهاد می‌کنم
60328,Leather Jacket Brown,4,2023-10-06,اندازه‌اش خیلی کوچیک بود، ناراضی‌ام
60329,Basic White T-Shirt,1,2023-06-05,اندازه‌اش خیلی کوچیک بود، ناراضی‌ام
60330,Leather Jacket Brown,4,2023-01-16,خیلی خوشگل بود ولی سایزبندی‌اش بد بود
60331,Leather Jacket Brown,2,2023-02-10,گرون بود ولی کیفیتش حرف نداشت
60332,Oversize Hoodie Black,2,2023-05-17,برای زمستون خیلی نازکه
60333,Oversize Hoodie Black,2,2023-09-15,ارزش خرید بالایی داشت، پیشنهاد می‌کنم
60334,Leather Jacket Brown,4,2023-02-12,کیفیت پارچه عالی بود، دقیقاً مثل عکس بود
60335,Basic White T-Shirt,2,2023-03-07,برای زمستون خیلی نازکه
60336,Leather Jacket Brown,1,2023-12-18,گرون بود ولی کیفیتش حرف نداشت
60337,Slim Jeans Blue,5,2023-07-27,رنگش فوق‌العاده قشنگه، بعد شستشو هم نرنگ شد
60338,Summer Cotton Dress,4,2023-09-02,اندازه‌اش خیلی کوچیک بود، ناراضی‌ام
60339,Leather Jacket Brown,5,2023-08-31,رنگش فوق‌العاده قشنگه، بعد شستشو هم نرنگ شد
60340,Oversize Hoodie Black,1,2023-03-18,اندازه‌اش خیلی کوچیک بود، ناراضی‌ام
60341,Basic White T-Shirt,3,2023-08-07,خیلی خوشگل بود ولی سایزبندی‌اش بد بود
60342,Oversize Hoodie Black,2,2023-08-11,اندازه‌اش خیلی کوچیک بود، ناراضی‌ام
60343,Slim Jeans Blue,1,2023-12-19,خیلی راحت و خوشگل، برای هر موقعیتی مناسبه
60344,Oversize Hoodie Black,3,2023-01-21,ارزش خرید بالایی داشت، پیشنهاد می‌کنم
60345,Oversize Hoodie Black,4,2023-05-27,رنگش فوق‌العاده قشنگه، بعد شستشو هم نرنگ شد
60346,Basic White T-Shirt,1,2023-11-09,برای زمستون خیلی نازکه
60347,Basic White T-Shirt,4,2023-03-18,دوختش ضعیف بود، بعد دو بار پوشیدن باز شد
60348,Oversize Hoodie Black,5,2023-11-12,دوختش ضعیف بود، بعد دو بار پوشیدن باز شد
60349,Oversize Hoodie Black,5,2023-02-04,گرون بود ولی کیفیتش حرف نداشت
60350,Leather Jacket Brown,4,2023-05-06,برای زمستون خیلی نازکه
60351,Slim Jeans Blue,5,2023-11-19,کیفیت پارچه عالی بود، دقیقاً مثل عکس بود
60352,Leather Jacket Brown,5,2023-08-20,برای زمستون خیلی نازکه
60353,Basic White T-Shirt,2,2023-03-28,اندازه‌اش خیلی کوچیک بود، ناراضی‌ام
60354,Leather Jacket Brown,4,2023-10-31,رنگش فوق‌العاده قشنگه، بعد شستشو هم نرنگ شد
60355,Leather Jacket Brown,4,2023-07-07,دوختش ضعیف بود، بعد دو بار پوشیدن باز شد
60356,Oversize Hoodie Black,3,2023-02-14,خیلی خوشگل بود ولی سایزبندی‌اش بد بود
60357,Oversize Hoodie Black,2,2023-11-27,خیلی راحت و خوشگل، برای هر موقعیتی مناسبه
60358,Slim Jeans Blue,1,2023-11-20,دوختش ضعیف بود، بعد دو بار پوشیدن باز شد
60359,Summer Cotton Dress,2,2023-12-14,خیلی خوشگل بود ولی سایزبندی‌اش بد بود
60360,Summer Cotton Dress,1,2023-03-13,دوختش ضعیف بود، بعد دو بار پوشیدن باز شد
60361,Leather Jacket Brown,4,2023-08-04,دوختش ضعیف بود، بعد دو بار پوشیدن باز شد
60362,Slim Jeans Blue,2,2023-04-08,خیلی خوشگل بود ولی سایزبندی‌اش بد بود
60363,Slim Jeans Blue,3,2023-09-28,خیلی خوشگل بود ولی سایزبندی‌اش بد بود
60364,Basic White T-Shirt,5,2023-04-01,خیلی خوشگل بود ولی سایزبندی‌اش بد بود
60365,Oversize Hoodie Black,1,2023-05-22,دوختش ضعیف بود، بعد دو بار پوشیدن باز شد
60366,Basic White T-Shirt,5,2023-04-27,اندازه‌اش خیلی کوچیک بود، ناراضی‌ام
60367,Summer Cotton Dress,4,2023-01-02,کیفیت پارچه عالی بود، دقیقاً مثل عکس بود
60368,Slim Jeans Blue,4,2023-02-12,خیلی خوشگل بود ولی سایزبندی‌اش بد بود
60369,Summer Cotton Dress,4,2023-03-12,عالی بود، همه ازم پرسیدن از کجا خریدم
60370,Oversize Hoodie Black,5,2023-05-24,رنگش فوق‌العاده قشنگه، بعد شستشو هم نرنگ شد
60371,Oversize Hoodie Black,4,2023-12-08,گرون بود ولی کیفیتش حرف نداشت
60372,Oversize Hoodie Black,4,2023-09-03,عالی بود، همه ازم پرسیدن از کجا خریدم
60373,Summer Cotton Dress,5,2023-10-11,ارزش خرید بالایی داشت، پیشنهاد می‌کنم
60374,Slim Jeans Blue,4,2023-11-23,ارزش خرید بالایی داشت، پیشنهاد می‌کنم
60375,Basic White T-Shirt,1,2023-08-02,رنگش فوق‌العاده قشنگه، بعد شستشو هم نرنگ شد
60376,Slim Jeans Blue,2,2023-04-17,برای زمستون خیلی نازکه
60377,Slim Jeans Blue,1,2023-09-20,رنگش فوق‌العاده قشنگه، بعد شستشو هم نرنگ شد
60378,Leather Jacket Brown,4,2023-10-21,دوختش ضعیف بود، بعد دو بار پوشیدن باز شد
60379,Slim Jeans Blue,4,2023-06-25,ارزش خرید بالایی داشت، پیشنهاد می‌کنم
60380,Basic White T-Shirt,4,2023-04-17,کیفیت پارچه عالی بود، دقیقاً مثل عکس بود
60381,Leather Jacket Brown,4,2023-03-27,برای زمستون خیلی نازکه
60382,Slim Jeans Blue,5,2023-08-15,گرون بود ولی کیفیتش حرف نداشت
60383,Leather Jacket Brown,2,2023-03-23,کیفیت پارچه عالی بود، دقیقاً مثل عکس بود
60384,Slim Jeans Blue,5,2023-11-25,ارزش خرید بالایی داشت، پیشنهاد می‌کنم
60385,Oversize Hoodie Black,5,2023-08-29,گرون بود ولی کیفیتش حرف نداشت
60386,Oversize Hoodie Black,4,2023-01-02,دوختش ضعیف بود، بعد دو بار پوشیدن باز شد
60387,Slim Jeans Blue,1,2023-09-08,دوختش ضعیف بود، بعد دو بار پوشیدن باز شد
60388,Leather Jacket Brown,1,2023-02-11,گرون بود ولی کیفیتش حرف نداشت
60389,Basic White T-Shirt,3,2023-03-22,رنگش فوق‌العاده قشنگه، بعد شستشو هم نرنگ شد
60390,Oversize Hoodie Black,2,2023-09-19,رنگش فوق‌العاده قشنگه، بعد شستشو هم نرنگ شد
60391,Leather Jacket Brown,3,2023-07-16,کیفیت پارچه عالی بود، دقیقاً مثل عکس بود
60392,Basic White T-Shirt,5,2023-09-05,عالی بود، همه ازم پرسیدن از کجا خریدم
60393,Leather Jacket Brown,3,2023-11-26,اندازه‌اش خیلی کوچیک بود، ناراضی‌ام
60394,Slim Jeans Blue,3,2023-10-23,رنگش فوق‌العاده قشنگه، بعد شستشو هم نرنگ شد
60395,Oversize Hoodie Black,3,2023-02-05,گرون بود ولی کیفیتش حرف نداشت
60396,Oversize Hoodie Black,2,2023-04-13,خیلی خوشگل بود ولی سایزبندی‌اش بد بود
60397,Oversize Hoodie Black,1,2023-10-30,خیلی خوشگل بود ولی سایزبندی‌اش بد بود
60398,Slim Jeans Blue,1,2023-04-08,عالی بود، همه ازم پرسیدن از کجا خریدم
60399,Basic White T-Shirt,3,2023-05-25,برای زمستون خیلی نازکه
60400,Basic White T-Shirt,2,2023-10-09,عالی بود، همه ازم پرسیدن از کجا خریدم
60401,Oversize Hoodie Black,1,2023-05-07,گرون بود ولی کیفیتش حرف نداشت
60402,Basic White T-Shirt,4,2023-10-31,خیلی خوشگل بود ولی سایزبندی‌اش بد بود
60403,Oversize Hoodie Black,1,2023-10-10,کیفیت پارچه عالی بود، دقیقاً مثل عکس بود
60404,Basic White T-Shirt,1,2023-10-29,کیفیت پارچه عالی بود، دقیقاً مثل عکس بود
60405,Oversize Hoodie Black,2,2023-03-08,عالی بود، همه ازم پرسیدن از کجا خریدم
60406,Basic White T-Shirt,2,2023-05-27,گرون بود ولی کیفیتش حرف نداشت
60407,Leather Jacket Brown,1,2023-11-24,اندازه‌اش خیلی کوچیک بود، ناراضی‌ام
60408,Oversize Hoodie Black,4,2023-03-22,برای زمستون خیلی نازکه
60409,Oversize Hoodie Black,4,2023-09-10,خیلی خوشگل بود ولی سایزبندی‌اش بد بود
60410,Summer Cotton Dress,3,2023-08-30,گرون بود ولی کیفیتش حرف نداشت
60411,Oversize Hoodie Black,3,2023-03-06,برای زمستون خیلی نازکه
60412,Basic White T-Shirt,1,2023-03-12,کیفیت پارچه عالی بود، دقیقاً مثل عکس بود
60413,Leather Jacket Brown,1,2023-02-05,رنگش فوق‌العاده قشنگه، بعد شستشو هم نرنگ شد
60414,Leather Jacket Brown,1,2023-03-08,خیلی خوشگل بود ولی سایزبندی‌اش بد بود
60415,Basic White T-Shirt,4,2023-03-24,اندازه‌اش خیلی کوچیک بود، ناراضی‌ام
60416,Slim Jeans Blue,5,2023-06-19,ارزش خرید بالایی داشت، پیشنهاد می‌کنم
60417,Oversize Hoodie Black,3,2023-03-08,خیلی خوشگل بود ولی سایزبندی‌اش بد بود
60418,Leather Jacket Brown,3,2023-04-08,خیلی راحت و خوشگل، برای هر موقعیتی مناسبه
60419,Basic White T-Shirt,5,2023-11-21,اندازه‌اش خیلی کوچیک بود، ناراضی‌ام
60420,Leather Jacket Brown,1,2023-10-20,اندازه‌اش خیلی کوچیک بود، ناراضی‌ام
60421,Leather Jacket Brown,3,2023-09-07,ارزش خرید بالایی داشت، پیشنهاد می‌کنم
60422,Basic White T-Shirt,4,2023-10-29,برای زمستون خیلی نازکه
60423,Summer Cotton Dress,5,2023-07-27,ارزش خرید بالایی داشت، پیشنهاد می‌کنم
60424,Leather Jacket Brown,4,2023-11-08,خیلی راحت و خوشگل، برای هر موقعیتی مناسبه
60425,Leather Jacket Brown,1,2023-03-04,برای زمستون خیلی نازکه
60426,Slim Jeans Blue,3,2023-03-19,اندازه‌اش خیلی کوچیک بود، ناراضی‌ام
60427,Summer Cotton Dress,4,2023-01-30,ارزش خرید بالایی داشت، پیشنهاد می‌کنم
60428,Slim Jeans Blue,5,2023-12-18,گرون بود ولی کیفیتش حرف نداشت
60429,Basic White T-Shirt,1,2023-09-08,رنگش فوق‌العاده قشنگه، بعد شستشو هم نرنگ شد
60430,Oversize Hoodie Black,3,2023-11-15,خیلی راحت و خوشگل، برای هر موقعیتی مناسبه
60431,Basic White T-Shirt,3,2023-04-25,گرون بود ولی کیفیتش حرف نداشت
60432,Summer Cotton Dress,1,2023-11-28,برای زمستون خیلی نازکه
60433,Basic White T-Shirt,1,2023-08-07,دوختش ضعیف بود، بعد دو بار پوشیدن باز شد
60434,Summer Cotton Dress,1,2023-06-03,اندازه‌اش خیلی کوچیک بود، ناراضی‌ام
60435,Slim Jeans Blue,4,2023-08-09,عالی بود، همه ازم پرسیدن از کجا خریدم
60436,Leather Jacket Brown,2,2023-01-23,برای زمستون خیلی نازکه
60437,Basic White T-Shirt,3,2023-08-02,اندازه‌اش خیلی کوچیک بود، ناراضی‌ام
60438,Basic White T-Shirt,4,2023-05-28,خیلی خوشگل بود ولی سایزبندی‌اش بد بود
60439,Leather Jacket Brown,5,2023-10-29,خیلی خوشگل بود ولی سایزبندی‌اش بد بود
60440,Basic White T-Shirt,3,2023-07-27,کیفیت پارچه عالی بود، دقیقاً مثل عکس بود
60441,Basic White T-Shirt,2,2023-06-08,خیلی راحت و خوشگل، برای هر موقعیتی مناسبه
60442,Oversize Hoodie Black,5,2023-11-03,کیفیت پارچه عالی بود، دقیقاً مثل عکس بود
60443,Oversize Hoodie Black,3,2023-06-16,کیفیت پارچه عالی بود، دقیقاً مثل عکس بود
60444,Leather Jacket Brown,2,2023-03-04,دوختش ضعیف بود، بعد دو بار پوشیدن باز شد
60445,Slim Jeans Blue,1,2023-11-21,گرون بود ولی کیفیتش حرف نداشت
60446,Basic White T-Shirt,2,2023-10-03,رنگش فوق‌العاده قشنگه، بعد شستشو هم نرنگ شد
60447,Basic White T-Shirt,3,2023-01-23,گرون بود ولی کیفیتش حرف نداشت
60448,Slim Jeans Blue,2,2023-08-12,دوختش ضعیف بود، بعد دو بار پوشیدن باز شد
60449,Basic White T-Shirt,3,2023-07-20,خیلی خوشگل بود ولی سایزبندی‌اش بد بود
60450,Slim Jeans Blue,3,2023-10-10,عالی بود، همه ازم پرسیدن از کجا خریدم
60451,Leather Jacket Brown,2,2023-12-13,گرون بود ولی کیفیتش حرف نداشت
60452,Leather Jacket Brown,2,2023-12-02,کیفیت پارچه عالی بود، دقیقاً مثل عکس بود
60453,Slim Jeans Blue,5,2023-08-03,کیفیت پارچه عالی بود، دقیقاً مثل عکس بود
60454,Slim Jeans Blue,5,2023-09-22,گرون بود ولی کیفیتش حرف نداشت
60455,Summer Cotton Dress,4,2023-08-17,ارزش خرید بالایی داشت، پیشنهاد می‌کنم
60456,Oversize Hoodie Black,3,2023-08-15,برای زمستون خیلی نازکه
60457,Oversize Hoodie Black,5,2023-11-23,عالی بود، همه ازم پرسیدن از کجا خریدم
60458,Basic White T-Shirt,4,2023-12-01,ارزش خرید بالایی داشت، پیشنهاد می‌کنم
60459,Basic White T-Shirt,3,2023-10-04,ارزش خرید بالایی داشت، پیشنهاد می‌کنم
60460,Slim Jeans Blue,4,2023-08-18,برای زمستون خیلی نازکه
60461,Slim Jeans Blue,5,2023-08-03,خیلی راحت و خوشگل، برای هر موقعیتی مناسبه
60462,Oversize Hoodie Black,4,2023-06-06,برای زمستون خیلی نازکه
60463,Basic White T-Shirt,2,2023-01-13,عالی بود، همه ازم پرسیدن از کجا خریدم
60464,Oversize Hoodie Black,4,2023-07-16,رنگش فوق‌العاده قشنگه، بعد شستشو هم نرنگ شد
60465,Leather Jacket Brown,1,2023-04-21,خیلی راحت و خوشگل، برای هر موقعیتی مناسبه
60466,Oversize Hoodie Black,1,2023-04-13,گرون بود ولی کیفیتش حرف نداشت
60467,Oversize Hoodie Black,4,2023-04-13,رنگش فوق‌العاده قشنگه، بعد شستشو هم نرنگ شد
60468,Slim Jeans Blue,1,2023-06-19,رنگش فوق‌العاده قشنگه، بعد شستشو هم نرنگ شد
60469,Basic White T-Shirt,4,2023-04-19,عالی بود، همه ازم پرسیدن از کجا خریدم
60470,Leather Jacket Brown,4,2023-05-06,دوختش ضعیف بود، بعد دو بار پوشیدن باز شد
60471,Oversize Hoodie Black,4,2023-08-23,دوختش ضعیف بود، بعد دو بار پوشیدن باز شد
60472,Oversize Hoodie Black,1,2023-05-28,عالی بود، همه ازم پرسیدن از کجا خریدم
60473,Slim Jeans Blue,3,2023-06-20,ارزش خرید بالایی داشت، پیشنهاد می‌کنم
60474,Summer Cotton Dress,4,2023-01-01,دوختش ضعیف بود، بعد دو بار پوشیدن باز شد
60475,Basic White T-Shirt,4,2023-02-09,کیفیت پارچه عالی بود، دقیقاً مثل عکس بود
60476,Basic White T-Shirt,2,2023-08-25,دوختش ضعیف بود، بعد دو بار پوشیدن باز شد
60477,Basic White T-Shirt,2,2023-01-07,عالی بود، همه ازم پرسیدن از کجا خریدم
60478,Oversize Hoodie Black,5,2023-06-12,برای زمستون خیلی نازکه
60479,Oversize Hoodie Black,1,2023-10-17,ارزش خرید بالایی داشت، پیشنهاد می‌کنم
60480,Oversize Hoodie Black,3,2023-11-21,خیلی خوشگل بود ولی سایزبندی‌اش بد بود
60481,Summer Cotton Dress,4,2023-06-06,رنگش فوق‌العاده قشنگه، بعد شستشو هم نرنگ شد
60482,Oversize Hoodie Black,4,2023-04-24,عالی بود، همه ازم پرسیدن از کجا خریدم
60483,Basic White T-Shirt,1,2023-04-22,دوختش ضعیف بود، بعد دو بار پوشیدن باز شد
60484,Basic White T-Shirt,5,2023-09-14,اندازه‌اش خیلی کوچیک بود، ناراضی‌ام
60485,Slim Jeans Blue,5,2023-03-14,کیفیت پارچه عالی بود، دقیقاً مثل عکس بود
60486,Summer Cotton Dress,2,2023-07-12,عالی بود، همه ازم پرسیدن از کجا خریدم
60487,Leather Jacket Brown,1,2023-09-30,اندازه‌اش خیلی کوچیک بود، ناراضی‌ام
60488,Oversize Hoodie Black,5,2023-08-12,رنگش فوق‌العاده قشنگه، بعد شستشو هم نرنگ شد
60489,Leather Jacket Brown,5,2023-04-04,برای زمستون خیلی نازکه
60490,Oversize Hoodie Black,3,2023-07-26,کیفیت پارچه عالی بود، دقیقاً مثل عکس بود
60491,Summer Cotton Dress,2,2023-06-19,عالی بود، همه ازم پرسیدن از کجا خریدم
60492,Summer Cotton Dress,2,2023-06-05,اندازه‌اش خیلی کوچیک بود، ناراضی‌ام
60493,Basic White T-Shirt,2,2023-09-01,عالی بود، همه ازم پرسیدن از کجا خریدم
60494,Summer Cotton Dress,5,2023-01-03,اندازه‌اش خیلی کوچیک بود، ناراضی‌ام
60495,Leather Jacket Brown,4,2023-08-08,گرون بود ولی کیفیتش حرف نداشت
60496,Leather Jacket Brown,5,2023-01-05,رنگش فوق‌العاده قشنگه، بعد شستشو هم نرنگ شد
60497,Summer Cotton Dress,5,2023-07-13,خیلی راحت و خوشگل، برای هر موقعیتی مناسبه
60498,Leather Jacket Brown,1,2023-02-23,کیفیت پارچه عالی بود، دقیقاً مثل عکس بود
60499,Oversize Hoodie Black,2,2023-10-27,خیلی خوشگل بود ولی سایزبندی‌اش بد بود
60500,Slim Jeans Blue,2,2023-07-28,کیفیت پارچه عالی بود، دقیقاً مثل عکس بود
60501,Basic White T-Shirt,3,2023-03-17,خیلی خوشگل بود ولی سایزبندی‌اش بد بود
60502,Slim Jeans Blue,2,2023-08-06,عالی بود، همه ازم پرسیدن از کجا خریدم
60503,Leather Jacket Brown,5,2023-04-28,عالی بود، همه ازم پرسیدن از کجا خریدم
60504,Basic White T-Shirt,1,2023-10-07,اندازه‌اش خیلی کوچیک بود، ناراضی‌ام
60505,Slim Jeans Blue,3,2023-03-21,خیلی راحت و خوشگل، برای هر موقعیتی مناسبه
60506,Slim Jeans Blue,5,2023-07-06,اندازه‌اش خیلی کوچیک بود، ناراضی‌ام
60507,Leather Jacket Brown,5,2023-01-08,عالی بود، همه ازم پرسیدن از کجا خریدم
60508,Basic White T-Shirt,3,2023-04-01,گرون بود ولی کیفیتش حرف نداشت
60509,Basic White T-Shirt,5,2023-12-12,گرون بود ولی کیفیتش حرف نداشت
60510,Slim Jeans Blue,5,2023-12-17,خیلی خوشگل بود ولی سایزبندی‌اش بد بود
60511,Basic White T-Shirt,1,2023-07-29,رنگش فوق‌العاده قشنگه، بعد شستشو هم نرنگ شد
60512,Basic White T-Shirt,1,2023-09-15,دوختش ضعیف بود، بعد دو بار پوشیدن باز شد
60513,Oversize Hoodie Black,1,2023-02-10,کیفیت پارچه عالی بود، دقیقاً مثل عکس بود
60514,Leather Jacket Brown,2,2023-08-03,خیلی خوشگل بود ولی سایزبندی‌اش بد بود
60515,Leather Jacket Brown,3,2023-07-03,خیلی راحت و خوشگل، برای هر موقعیتی مناسبه
60516,Oversize Hoodie Black,1,2023-10-31,خیلی راحت و خوشگل، برای هر موقعیتی مناسبه
60517,Slim Jeans Blue,5,2023-08-29,کیفیت پارچه عالی بود، دقیقاً مثل عکس بود
60518,Summer Cotton Dress,2,2023-04-16,گرون بود ولی کیفیتش حرف نداشت
60519,Slim Jeans Blue,3,2023-01-22,دوختش ضعیف بود، بعد دو بار پوشیدن باز شد
60520,Oversize Hoodie Black,1,2023-12-19,کیفیت پارچه عالی بود، دقیقاً مثل عکس بود
60521,Basic White T-Shirt,1,2023-09-02,دوختش ضعیف بود، بعد دو بار پوشیدن باز شد
60522,Oversize Hoodie Black,3,2023-10-01,عالی بود، همه ازم پرسیدن از کجا خریدم
60523,Leather Jacket Brown,1,2023-03-20,خیلی خوشگل بود ولی سایزبندی‌اش بد بود
60524,Basic White T-Shirt,3,2023-11-19,عالی بود، همه ازم پرسیدن از کجا خریدم
60525,Slim Jeans Blue,3,2023-10-31,اندازه‌اش خیلی کوچیک بود، ناراضی‌ام
60526,Basic White T-Shirt,5,2023-01-23,کیفیت پارچه عالی بود، دقیقاً مثل عکس بود
60527,Leather Jacket Brown,3,2023-04-21,اندازه‌اش خیلی کوچیک بود، ناراضی‌ام
60528,Oversize Hoodie Black,4,2023-05-10,ارزش خرید بالایی داشت، پیشنهاد می‌کنم
60529,Slim Jeans Blue,1,2023-09-17,دوختش ضعیف بود، بعد دو بار پوشیدن باز شد
60530,Summer Cotton Dress,5,2023-06-03,خیلی راحت و خوشگل، برای هر موقعیتی مناسبه
60531,Summer Cotton Dress,2,2023-01-19,عالی بود، همه ازم پرسیدن از کجا خریدم
60532,Oversize Hoodie Black,4,2023-02-18,دوختش ضعیف بود، بعد دو بار پوشیدن باز شد
60533,Slim Jeans Blue,3,2023-03-15,خیلی راحت و خوشگل، برای هر موقعیتی مناسبه
60534,Slim Jeans Blue,2,2023-08-02,عالی بود، همه ازم پرسیدن از کجا خریدم
60535,Basic White T-Shirt,2,2023-02-22,کیفیت پارچه عالی بود، دقیقاً مثل عکس بود
60536,Oversize Hoodie Black,2,2023-07-09,برای زمستون خیلی نازکه
60537,Basic White T-Shirt,2,2023-05-09,اندازه‌اش خیلی کوچیک بود، ناراضی‌ام
60538,Oversize Hoodie Black,5,2023-05-24,عالی بود، همه ازم پرسیدن از کجا خریدم
60539,Leather Jacket Brown,5,2023-09-05,برای زمستون خیلی نازکه
60540,Oversize Hoodie Black,2,2023-06-29,خیلی خوشگل بود ولی سایزبندی‌اش بد بود
60541,Basic White T-Shirt,4,2023-01-07,عالی بود، همه ازم پرسیدن از کجا خریدم
60542,Slim Jeans Blue,1,2023-12-10,برای زمستون خیلی نازکه
60543,Oversize Hoodie Black,1,2023-10-18,خیلی راحت و خوشگل، برای هر موقعیتی مناسبه
60544,Slim Jeans Blue,5,2023-07-25,اندازه‌اش خیلی کوچیک بود، ناراضی‌ام
60545,Leather Jacket Brown,4,2023-03-09,رنگش فوق‌العاده قشنگه، بعد شستشو هم نرنگ شد
60546,Summer Cotton Dress,4,2023-05-23,عالی بود، همه ازم پرسیدن از کجا خریدم
60547,Summer Cotton Dress,3,2023-04-18,دوختش ضعیف بود، بعد دو بار پوشیدن باز شد
60548,Basic White T-Shirt,5,2023-07-04,خیلی راحت و خوشگل، برای هر موقعیتی مناسبه
60549,Oversize Hoodie Black,4,2023-08-28,رنگش فوق‌العاده قشنگه، بعد شستشو هم نرنگ شد
60550,Leather Jacket Brown,4,2023-05-31,رنگش فوق‌العاده قشنگه، بعد شستشو هم نرنگ شد
60551,Leather Jacket Brown,1,2023-07-30,خیلی خوشگل بود ولی سایزبندی‌اش بد بود
60552,Slim Jeans Blue,4,2023-03-19,خیلی خوشگل بود ولی سایزبندی‌اش بد بود
60553,Basic White T-Shirt,4,2023-08-16,گرون بود ولی کیفیتش حرف نداشت
60554,Leather Jacket Brown,2,2023-09-04,عالی بود، همه ازم پرسیدن از کجا خریدم
60555,Oversize Hoodie Black,1,2023-04-12,دوختش ضعیف بود، بعد دو بار پوشیدن باز شد
60556,Leather Jacket Brown,1,2023-08-02,عالی بود، همه ازم پرسیدن از کجا خریدم
60557,Summer Cotton Dress,2,2023-05-19,برای زمستون خیلی نازکه
60558,Basic White T-Shirt,1,2023-07-05,خیلی راحت و خوشگل، برای هر موقعیتی مناسبه
60559,Slim Jeans Blue,3,2023-06-17,اندازه‌اش خیلی کوچیک بود، ناراضی‌ام
60560,Oversize Hoodie Black,3,2023-02-27,دوختش ضعیف بود، بعد دو بار پوشیدن باز شد
60561,Summer Cotton Dress,5,2023-04-29,اندازه‌اش خیلی کوچیک بود، ناراضی‌ام
60562,Leather Jacket Brown,1,2023-03-29,خیلی خوشگل بود ولی سایزبندی‌اش بد بود
60563,Basic White T-Shirt,1,2023-05-02,اندازه‌اش خیلی کوچیک بود، ناراضی‌ام
60564,Basic White T-Shirt,3,2023-09-01,ارزش خرید بالایی داشت، پیشنهاد می‌کنم
60565,Oversize Hoodie Black,5,2023-03-08,خیلی خوشگل بود ولی سایزبندی‌اش بد بود
60566,Slim Jeans Blue,5,2023-10-21,خیلی خوشگل بود ولی سایزبندی‌اش بد بود
60567,Summer Cotton Dress,3,2023-05-10,کیفیت پارچه عالی بود، دقیقاً مثل عکس بود
60568,Slim Jeans Blue,3,2023-12-09,اندازه‌اش خیلی کوچیک بود، ناراضی‌ام
60569,Oversize Hoodie Black,2,2023-02-09,دوختش ضعیف بود، بعد دو بار پوشیدن باز شد
60570,Oversize Hoodie Black,5,2023-07-31,خیلی خوشگل بود ولی سایزبندی‌اش بد بود
60571,Summer Cotton Dress,5,2023-02-25,دوختش ضعیف بود، بعد دو بار پوشیدن باز شد
60572,Basic White T-Shirt,2,2023-07-19,خیلی خوشگل بود ولی سایزبندی‌اش بد بود
60573,Basic White T-Shirt,3,2023-10-18,رنگش فوق‌العاده قشنگه، بعد شستشو هم نرنگ شد
60574,Summer Cotton Dress,2,2023-11-01,دوختش ضعیف بود، بعد دو بار پوشیدن باز شد
60575,Slim Jeans Blue,2,2023-04-17,برای زمستون خیلی نازکه
60576,Summer Cotton Dress,4,2023-07-14,اندازه‌اش خیلی کوچیک بود، ناراضی‌ام
60577,Basic White T-Shirt,5,2023-12-18,ارزش خرید بالایی داشت، پیشنهاد می‌کنم
60578,Slim Jeans Blue,3,2023-05-02,عالی بود، همه ازم پرسیدن از کجا خریدم
60579,Leather Jacket Brown,4,2023-04-05,رنگش فوق‌العاده قشنگه، بعد شستشو هم نرنگ شد
60580,Slim Jeans Blue,4,2023-10-14,اندازه‌اش خیلی کوچیک بود، ناراضی‌ام
60581,Basic White T-Shirt,4,2023-05-05,کیفیت پارچه عالی بود، دقیقاً مثل عکس بود
60582,Oversize Hoodie Black,3,2023-11-28,کیفیت پارچه عالی بود، دقیقاً مثل عکس بود
60583,Slim Jeans Blue,2,2023-05-06,خیلی راحت و خوشگل، برای هر موقعیتی مناسبه
60584,Slim Jeans Blue,3,2023-12-10,ارزش خرید بالایی داشت، پیشنهاد می‌کنم
60585,Oversize Hoodie Black,5,2023-02-05,گرون بود ولی کیفیتش حرف نداشت
60586,Basic White T-Shirt,5,2023-08-05,عالی بود، همه ازم پرسیدن از کجا خریدم
60587,Leather Jacket Brown,2,2023-01-03,عالی بود، همه ازم پرسیدن از کجا خریدم
60588,Leather Jacket Brown,3,2023-01-30,خیلی خوشگل بود ولی سایزبندی‌اش بد بود
60589,Summer Cotton Dress,2,2023-09-12,کیفیت پارچه عالی بود، دقیقاً مثل عکس بود
60590,Leather Jacket Brown,2,2023-02-14,عالی بود، همه ازم پرسیدن از کجا خریدم
60591,Leather Jacket Brown,3,2023-06-26,خیلی خوشگل بود ولی سایزبندی‌اش بد بود
60592,Slim Jeans Blue,5,2023-08-10,کیفیت پارچه عالی بود، دقیقاً مثل عکس بود
60593,Summer Cotton Dress,3,2023-04-23,رنگش فوق‌العاده قشنگه، بعد شستشو هم نرنگ شد
60594,Leather Jacket Brown,5,2023-05-02,دوختش ضعیف بود، بعد دو بار پوشیدن باز شد
60595,Slim Jeans Blue,1,2023-10-02,خیلی خوشگل بود ولی سایزبندی‌اش بد بود
60596,Summer Cotton Dress,1,2023-08-20,خیلی خوشگل بود ولی سایزبندی‌اش بد بود
60597,Slim Jeans Blue,1,2023-11-08,عالی بود، همه ازم پرسیدن از کجا خریدم
60598,Oversize Hoodie Black,4,2023-09-06,عالی بود، همه ازم پرسیدن از کجا خریدم
60599,Basic White T-Shirt,5,2023-11-25,ارزش خرید بالایی داشت، پیشنهاد می‌کنم
60600,Basic White T-Shirt,5,2023-04-13,خیلی راحت و خوشگل، برای هر موقعیتی مناسبه
60601,Basic White T-Shirt,3,2023-06-25,خیلی راحت و خوشگل، برای هر موقعیتی مناسبه
60602,Leather Jacket Brown,5,2023-08-24,عالی بود، همه ازم پرسیدن از کجا خریدم
60603,Basic White T-Shirt,3,2023-10-09,رنگش فوق‌العاده قشنگه، بعد شستشو هم نرنگ شد
60604,Basic White T-Shirt,4,2023-09-02,عالی بود، همه ازم پرسیدن از کجا خریدم
60605,Summer Cotton Dress,3,2023-05-13,خیلی راحت و خوشگل، برای هر موقعیتی مناسبه
60606,Summer Cotton Dress,1,2023-12-10,خیلی خوشگل بود ولی سایزبندی‌اش بد بود
60607,Summer Cotton Dress,3,2023-06-08,برای زمستون خیلی نازکه
60608,Leather Jacket Brown,3,2023-10-07,اندازه‌اش خیلی کوچیک بود، ناراضی‌ام
60609,Basic White T-Shirt,3,2023-12-07,خیلی خوشگل بود ولی سایزبندی‌اش بد بود
60610,Leather Jacket Brown,5,2023-01-22,کیفیت پارچه عالی بود، دقیقاً مثل عکس بود
60611,Leather Jacket Brown,2,2023-04-12,خیلی راحت و خوشگل، برای هر موقعیتی مناسبه
60612,Leather Jacket Brown,2,2023-05-30,برای زمستون خیلی نازکه
60613,Leather Jacket Brown,2,2023-02-26,گرون بود ولی کیفیتش حرف نداشت
60614,Leather Jacket Brown,5,2023-06-07,برای زمستون خیلی نازکه
60615,Leather Jacket Brown,1,2023-10-30,برای زمستون خیلی نازکه
60616,Basic White T-Shirt,2,2023-07-14,خیلی خوشگل بود ولی سایزبندی‌اش بد بود
60617,Summer Cotton Dress,2,2023-06-16,برای زمستون خیلی نازکه
60618,Slim Jeans Blue,4,2023-12-11,برای زمستون خیلی نازکه
60619,Slim Jeans Blue,4,2023-07-13,گرون بود ولی کیفیتش حرف نداشت
60620,Slim Jeans Blue,1,2023-12-13,عالی بود، همه ازم پرسیدن از کجا خریدم
60621,Oversize Hoodie Black,3,2023-09-17,اندازه‌اش خیلی کوچیک بود، ناراضی‌ام
60622,Summer Cotton Dress,3,2023-07-19,برای زمستون خیلی نازکه
60623,Basic White T-Shirt,4,2023-01-05,اندازه‌اش خیلی کوچیک بود، ناراضی‌ام
60624,Leather Jacket Brown,4,2023-10-27,عالی بود، همه ازم پرسیدن از کجا خریدم
60625,Slim Jeans Blue,1,2023-04-01,اندازه‌اش خیلی کوچیک بود، ناراضی‌ام
60626,Summer Cotton Dress,1,2023-01-24,عالی بود، همه ازم پرسیدن از کجا خریدم
60627,Basic White T-Shirt,5,2023-08-24,رنگش فوق‌العاده قشنگه، بعد شستشو هم نرنگ شد
60628,Slim Jeans Blue,3,2023-08-23,اندازه‌اش خیلی کوچیک بود، ناراضی‌ام
60629,Summer Cotton Dress,5,2023-08-14,ارزش خرید بالایی داشت، پیشنهاد می‌کنم
60630,Basic White T-Shirt,2,2023-01-28,ارزش خرید بالایی داشت، پیشنهاد می‌کنم
60631,Summer Cotton Dress,1,2023-06-01,کیفیت پارچه عالی بود، دقیقاً مثل عکس بود
60632,Leather Jacket Brown,3,2023-09-03,گرون بود ولی کیفیتش حرف نداشت
60633,Summer Cotton Dress,3,2023-01-05,کیفیت پارچه عالی بود، دقیقاً مثل عکس بود
60634,Summer Cotton Dress,5,2023-01-13,خیلی راحت و خوشگل، برای هر موقعیتی مناسبه
60635,Oversize Hoodie Black,4,2023-02-24,ارزش خرید بالایی داشت، پیشنهاد می‌کنم
60636,Leather Jacket Brown,4,2023-10-13,عالی بود، همه ازم پرسیدن از کجا خریدم
60637,Summer Cotton Dress,1,2023-04-12,عالی بود، همه ازم پرسیدن از کجا خریدم
60638,Leather Jacket Brown,4,2023-12-05,خیلی خوشگل بود ولی سایزبندی‌اش بد بود
60639,Summer Cotton Dress,2,2023-08-02,گرون بود ولی کیفیتش حرف نداشت
60640,Leather Jacket Brown,3,2023-04-23,دوختش ضعیف بود، بعد دو بار پوشیدن باز شد
60641,Basic White T-Shirt,4,2023-12-04,ارزش خرید بالایی داشت، پیشنهاد می‌کنم
60642,Slim Jeans Blue,1,2023-03-31,عالی بود، همه ازم پرسیدن از کجا خریدم
60643,Oversize Hoodie Black,2,2023-09-28,رنگش فوق‌العاده قشنگه، بعد شستشو هم نرنگ شد
60644,Slim Jeans Blue,5,2023-09-04,ارزش خرید بالایی داشت، پیشنهاد می‌کنم
60645,Summer Cotton Dress,5,2023-01-30,خیلی راحت و خوشگل، برای هر موقعیتی مناسبه
60646,Summer Cotton Dress,2,2023-01-28,رنگش فوق‌العاده قشنگه، بعد شستشو هم نرنگ شد
60647,Basic White T-Shirt,1,2023-03-09,رنگش فوق‌العاده قشنگه، بعد شستشو هم نرنگ شد
60648,Summer Cotton Dress,5,2023-05-23,خیلی راحت و خوشگل، برای هر موقعیتی مناسبه
60649,Leather Jacket Brown,3,2023-02-03,ارزش خرید بالایی داشت، پیشنهاد می‌کنم
60650,Slim Jeans Blue,3,2023-08-15,کیفیت پارچه عالی بود، دقیقاً مثل عکس بود
60651,Summer Cotton Dress,1,2023-07-22,اندازه‌اش خیلی کوچیک بود، ناراضی‌ام
60652,Basic White T-Shirt,1,2023-03-02,خیلی راحت و خوشگل، برای هر موقعیتی مناسبه
60653,Oversize Hoodie Black,3,2023-07-10,خیلی خوشگل بود ولی سایزبندی‌اش بد بود
60654,Slim Jeans Blue,1,2023-01-02,برای زمستون خیلی نازکه
60655,Basic White T-Shirt,2,2023-04-28,عالی بود، همه ازم پرسیدن از کجا خریدم
60656,Basic White T-Shirt,1,2023-11-04,خیلی خوشگل بود ولی سایزبندی‌اش بد بود
60657,Slim Jeans Blue,3,2023-02-21,عالی بود، همه ازم پرسیدن از کجا خریدم
60658,Basic White T-Shirt,4,2023-01-15,گرون بود ولی کیفیتش حرف نداشت
60659,Oversize Hoodie Black,1,2023-10-11,ارزش خرید بالایی داشت، پیشنهاد می‌کنم
60660,Oversize Hoodie Black,5,2023-04-06,گرون بود ولی کیفیتش حرف نداشت
60661,Summer Cotton Dress,2,2023-04-08,ارزش خرید بالایی داشت، پیشنهاد می‌کنم
60662,Leather Jacket Brown,2,2023-02-24,رنگش فوق‌العاده قشنگه، بعد شستشو هم نرنگ شد
60663,Summer Cotton Dress,2,2023-10-05,ارزش خرید بالایی داشت، پیشنهاد می‌کنم
60664,Leather Jacket Brown,5,2023-09-02,گرون بود ولی کیفیتش حرف نداشت
60665,Slim Jeans Blue,5,2023-11-24,ارزش خرید بالایی داشت، پیشنهاد می‌کنم
60666,Basic White T-Shirt,2,2023-02-07,اندازه‌اش خیلی کوچیک بود، ناراضی‌ام
60667,Summer Cotton Dress,2,2023-04-30,ارزش خرید بالایی داشت، پیشنهاد می‌کنم
60668,Basic White T-Shirt,2,2023-09-15,اندازه‌اش خیلی کوچیک بود، ناراضی‌ام
60669,Summer Cotton Dress,1,2023-05-20,کیفیت پارچه عالی بود، دقیقاً مثل عکس بود
60670,Summer Cotton Dress,5,2023-07-02,خیلی خوشگل بود ولی سایزبندی‌اش بد بود
60671,Oversize Hoodie Black,3,2023-08-01,خیلی خوشگل بود ولی سایزبندی‌اش بد بود
60672,Leather Jacket Brown,1,2023-05-06,خیلی خوشگل بود ولی سایزبندی‌اش بد بود
60673,Slim Jeans Blue,3,2023-05-20,دوختش ضعیف بود، بعد دو بار پوشیدن باز شد
60674,Basic White T-Shirt,1,2023-04-19,خیلی راحت و خوشگل، برای هر موقعیتی مناسبه
60675,Summer Cotton Dress,1,2023-01-09,برای زمستون خیلی نازکه
60676,Basic White T-Shirt,3,2023-02-01,برای زمستون خیلی نازکه
60677,Oversize Hoodie Black,2,2023-08-23,برای زمستون خیلی نازکه
60678,Slim Jeans Blue,3,2023-03-14,رنگش فوق‌العاده قشنگه، بعد شستشو هم نرنگ شد
60679,Leather Jacket Brown,4,2023-05-16,خیلی خوشگل بود ولی سایزبندی‌اش بد بود
60680,Leather Jacket Brown,5,2023-09-11,رنگش فوق‌العاده قشنگه، بعد شستشو هم نرنگ شد
60681,Summer Cotton Dress,4,2023-04-26,رنگش فوق‌العاده قشنگه، بعد شستشو هم نرنگ شد
60682,Slim Jeans Blue,1,2023-06-05,خیلی خوشگل بود ولی سایزبندی‌اش بد بود
60683,Leather Jacket Brown,3,2023-03-23,دوختش ضعیف بود، بعد دو بار پوشیدن باز شد
60684,Slim Jeans Blue,2,2023-04-17,ارزش خرید بالایی داشت، پیشنهاد می‌کنم
60685,Basic White T-Shirt,2,2023-08-17,ارزش خرید بالایی داشت، پیشنهاد می‌کنم
60686,Oversize Hoodie Black,4,2023-10-19,رنگش فوق‌العاده قشنگه، بعد شستشو هم نرنگ شد
60687,Slim Jeans Blue,4,2023-04-27,اندازه‌اش خیلی کوچیک بود، ناراضی‌ام
60688,Slim Jeans Blue,1,2023-10-15,ارزش خرید بالایی داشت، پیشنهاد می‌کنم
60689,Leather Jacket Brown,5,2023-08-01,خیلی راحت و خوشگل، برای هر موقعیتی مناسبه
60690,Summer Cotton Dress,1,2023-06-16,برای زمستون خیلی نازکه
60691,Summer Cotton Dress,2,2023-02-18,اندازه‌اش خیلی کوچیک بود، ناراضی‌ام
60692,Basic White T-Shirt,3,2023-08-09,خیلی راحت و خوشگل، برای هر موقعیتی مناسبه
60693,Leather Jacket Brown,4,2023-10-06,اندازه‌اش خیلی کوچیک بود، ناراضی‌ام
60694,Leather Jacket Brown,2,2023-10-16,دوختش ضعیف بود، بعد دو بار پوشیدن باز شد
60695,Oversize Hoodie Black,1,2023-06-28,رنگش فوق‌العاده قشنگه، بعد شستشو هم نرنگ شد
60696,Summer Cotton Dress,5,2023-06-20,خیلی راحت و خوشگل، برای هر موقعیتی مناسبه
60697,Leather Jacket Brown,3,2023-01-04,برای زمستون خیلی نازکه
60698,Basic White T-Shirt,5,2023-12-02,خیلی خوشگل بود ولی سایزبندی‌اش بد بود
60699,Oversize Hoodie Black,1,2023-07-14,دوختش ضعیف بود، بعد دو بار پوشیدن باز شد
60700,Summer Cotton Dress,1,2023-09-15,برای زمستون خیلی نازکه
60701,Summer Cotton Dress,2,2023-02-14,دوختش ضعیف بود، بعد دو بار پوشیدن باز شد
60702,Summer Cotton Dress,3,2023-12-10,خیلی خوشگل بود ولی سایزبندی‌اش بد بود
60703,Oversize Hoodie Black,1,2023-07-27,برای زمستون خیلی نازکه
60704,Basic White T-Shirt,2,2023-04-25,عالی بود، همه ازم پرسیدن از کجا خریدم
60705,Basic White T-Shirt,1,2023-05-10,کیفیت پارچه عالی بود، دقیقاً مثل عکس بود
60706,Leather Jacket Brown,2,2023-06-09,رنگش فوق‌العاده قشنگه، بعد شستشو هم نرنگ شد
60707,Leather Jacket Brown,5,2023-01-01,دوختش ضعیف بود، بعد دو بار پوشیدن باز شد
60708,Summer Cotton Dress,2,2023-10-01,رنگش فوق‌العاده قشنگه، بعد شستشو هم نرنگ شد
60709,Slim Jeans Blue,5,2023-06-09,خیلی خوشگل بود ولی سایزبندی‌اش بد بود
60710,Leather Jacket Brown,4,2023-09-22,کیفیت پارچه عالی بود، دقیقاً مثل عکس بود
60711,Basic White T-Shirt,1,2023-11-07,اندازه‌اش خیلی کوچیک بود، ناراضی‌ام
60712,Summer Cotton Dress,4,2023-11-19,اندازه‌اش خیلی کوچیک بود، ناراضی‌ام
60713,Basic White T-Shirt,3,2023-09-05,خیلی راحت و خوشگل، برای هر موقعیتی مناسبه
60714,Summer Cotton Dress,4,2023-01-24,ارزش خرید بالایی داشت، پیشنهاد می‌کنم
60715,Oversize Hoodie Black,2,2023-09-24,اندازه‌اش خیلی کوچیک بود، ناراضی‌ام
60716,Leather Jacket Brown,2,2023-06-05,ارزش خرید بالایی داشت، پیشنهاد می‌کنم
60717,Oversize Hoodie Black,3,2023-09-29,کیفیت پارچه عالی بود، دقیقاً مثل عکس بود
60718,Leather Jacket Brown,3,2023-04-03,عالی بود، همه ازم پرسیدن از کجا خریدم
60719,Basic White T-Shirt,1,2023-01-12,رنگش فوق‌العاده قشنگه، بعد شستشو هم نرنگ شد
60720,Basic White T-Shirt,2,2023-08-26,عالی بود، همه ازم پرسیدن از کجا خریدم
60721,Slim Jeans Blue,3,2023-05-01,رنگش فوق‌العاده قشنگه، بعد شستشو هم نرنگ شد
60722,Basic White T-Shirt,4,2023-03-31,کیفیت پارچه عالی بود، دقیقاً مثل عکس بود
60723,Summer Cotton Dress,2,2023-03-16,خیلی راحت و خوشگل، برای هر موقعیتی مناسبه
60724,Slim Jeans Blue,3,2023-11-18,رنگش فوق‌العاده قشنگه، بعد شستشو هم نرنگ شد
60725,Summer Cotton Dress,1,2023-01-31,عالی بود، همه ازم پرسیدن از کجا خریدم
60726,Slim Jeans Blue,5,2023-07-14,کیفیت پارچه عالی بود، دقیقاً مثل عکس بود
60727,Summer Cotton Dress,2,2023-03-30,برای زمستون خیلی نازکه
60728,Slim Jeans Blue,2,2023-04-08,برای زمستون خیلی نازکه
60729,Leather Jacket Brown,2,2023-05-09,ارزش خرید بالایی داشت، پیشنهاد می‌کنم
60730,Leather Jacket Brown,2,2023-10-22,دوختش ضعیف بود، بعد دو بار پوشیدن باز شد
60731,Slim Jeans Blue,5,2023-04-05,دوختش ضعیف بود، بعد دو بار پوشیدن باز شد
60732,Oversize Hoodie Black,5,2023-06-13,ارزش خرید بالایی داشت، پیشنهاد می‌کنم
60733,Slim Jeans Blue,1,2023-08-18,گرون بود ولی کیفیتش حرف نداشت
60734,Oversize Hoodie Black,2,2023-05-20,عالی بود، همه ازم پرسیدن از کجا خریدم
60735,Summer Cotton Dress,3,2023-11-13,رنگش فوق‌العاده قشنگه، بعد شستشو هم نرنگ شد
60736,Slim Jeans Blue,4,2023-11-24,خیلی خوشگل بود ولی سایزبندی‌اش بد بود
60737,Oversize Hoodie Black,2,2023-04-19,کیفیت پارچه عالی بود، دقیقاً مثل عکس بود
60738,Slim Jeans Blue,5,2023-01-14,دوختش ضعیف بود، بعد دو بار پوشیدن باز شد
60739,Leather Jacket Brown,1,2023-06-10,کیفیت پارچه عالی بود، دقیقاً مثل عکس بود
60740,Leather Jacket Brown,2,2023-05-12,اندازه‌اش خیلی کوچیک بود، ناراضی‌ام
60741,Slim Jeans Blue,1,2023-04-23,عالی بود، همه ازم پرسیدن از کجا خریدم
60742,Slim Jeans Blue,3,2023-10-13,رنگش فوق‌العاده قشنگه، بعد شستشو هم نرنگ شد
60743,Basic White T-Shirt,3,2023-12-06,خیلی خوشگل بود ولی سایزبندی‌اش بد بود
60744,Leather Jacket Brown,3,2023-04-04,خیلی راحت و خوشگل، برای هر موقعیتی مناسبه
60745,Summer Cotton Dress,3,2023-12-13,ارزش خرید بالایی داشت، پیشنهاد می‌کنم
60746,Slim Jeans Blue,4,2023-03-30,عالی بود، همه ازم پرسیدن از کجا خریدم
60747,Basic White T-Shirt,1,2023-11-06,کیفیت پارچه عالی بود، دقیقاً مثل عکس بود
60748,Slim Jeans Blue,2,2023-05-14,اندازه‌اش خیلی کوچیک بود، ناراضی‌ام
60749,Leather Jacket Brown,4,2023-09-18,ارزش خرید بالایی داشت، پیشنهاد می‌کنم
60750,Oversize Hoodie Black,2,2023-07-25,عالی بود، همه ازم پرسیدن از کجا خریدم
60751,Oversize Hoodie Black,5,2023-11-03,عالی بود، همه ازم پرسیدن از کجا خریدم
60752,Leather Jacket Brown,4,2023-02-03,رنگش فوق‌العاده قشنگه، بعد شستشو هم نرنگ شد
60753,Summer Cotton Dress,4,2023-06-18,خیلی راحت و خوشگل، برای هر موقعیتی مناسبه
60754,Basic White T-Shirt,5,2023-12-11,خیلی خوشگل بود ولی سایزبندی‌اش بد بود
60755,Slim Jeans Blue,4,2023-05-26,خیلی راحت و خوشگل، برای هر موقعیتی مناسبه
60756,Slim Jeans Blue,1,2023-01-20,خیلی راحت و خوشگل، برای هر موقعیتی مناسبه
60757,Slim Jeans Blue,3,2023-04-17,اندازه‌اش خیلی کوچیک بود، ناراضی‌ام
60758,Basic White T-Shirt,2,2023-05-16,ارزش خرید بالایی داشت، پیشنهاد می‌کنم
60759,Basic White T-Shirt,5,2023-01-26,عالی بود، همه ازم پرسیدن از کجا خریدم
60760,Leather Jacket Brown,3,2023-09-03,برای زمستون خیلی نازکه
60761,Basic White T-Shirt,4,2023-12-07,کیفیت پارچه عالی بود، دقیقاً مثل عکس بود
60762,Slim Jeans Blue,1,2023-06-04,کیفیت پارچه عالی بود، دقیقاً مثل عکس بود
60763,Slim Jeans Blue,4,2023-02-11,برای زمستون خیلی نازکه
60764,Basic White T-Shirt,5,2023-06-27,خیلی راحت و خوشگل، برای هر موقعیتی مناسبه
60765,Basic White T-Shirt,4,2023-03-22,گرون بود ولی کیفیتش حرف نداشت
60766,Leather Jacket Brown,1,2023-06-26,اندازه‌اش خیلی کوچیک بود، ناراضی‌ام
60767,Oversize Hoodie Black,4,2023-07-12,خیلی خوشگل بود ولی سایزبندی‌اش بد بود
60768,Basic White T-Shirt,4,2023-07-10,کیفیت پارچه عالی بود، دقیقاً مثل عکس بود
60769,Oversize Hoodie Black,4,2023-10-10,گرون بود ولی کیفیتش حرف نداشت
60770,Summer Cotton Dress,4,2023-09-03,ارزش خرید بالایی داشت، پیشنهاد می‌کنم
60771,Oversize Hoodie Black,1,2023-04-10,رنگش فوق‌العاده قشنگه، بعد شستشو هم نرنگ شد
60772,Basic White T-Shirt,2,2023-02-04,خیلی خوشگل بود ولی سایزبندی‌اش بد بود
60773,Slim Jeans Blue,3,2023-10-21,خیلی راحت و خوشگل، برای هر موقعیتی مناسبه
60774,Slim Jeans Blue,5,2023-10-21,کیفیت پارچه عالی بود، دقیقاً مثل عکس بود
60775,Basic White T-Shirt,2,2023-02-11,گرون بود ولی کیفیتش حرف نداشت
60776,Leather Jacket Brown,1,2023-06-19,برای زمستون خیلی نازکه
60777,Basic White T-Shirt,5,2023-02-26,کیفیت پارچه عالی بود، دقیقاً مثل عکس بود
60778,Basic White T-Shirt,5,2023-02-23,اندازه‌اش خیلی کوچیک بود، ناراضی‌ام
60779,Leather Jacket Brown,4,2023-07-07,اندازه‌اش خیلی کوچیک بود، ناراضی‌ام
60780,Leather Jacket Brown,3,2023-10-23,ارزش خرید بالایی داشت، پیشنهاد می‌کنم
60781,Summer Cotton Dress,3,2023-03-27,دوختش ضعیف بود، بعد دو بار پوشیدن باز شد
60782,Summer Cotton Dress,1,2023-03-05,ارزش خرید بالایی داشت، پیشنهاد می‌کنم
60783,Summer Cotton Dress,2,2023-03-22,کیفیت پارچه عالی بود، دقیقاً مثل عکس بود
60784,Leather Jacket Brown,4,2023-09-25,ارزش خرید بالایی داشت، پیشنهاد می‌کنم
60785,Oversize Hoodie Black,3,2023-07-04,ارزش خرید بالایی داشت، پیشنهاد می‌کنم
60786,Basic White T-Shirt,4,2023-12-11,گرون بود ولی کیفیتش حرف نداشت
60787,Summer Cotton Dress,2,2023-01-26,اندازه‌اش خیلی کوچیک بود، ناراضی‌ام
60788,Oversize Hoodie Black,5,2023-08-26,ارزش خرید بالایی داشت، پیشنهاد می‌کنم
60789,Basic White T-Shirt,2,2023-10-23,برای زمستون خیلی نازکه
60790,Oversize Hoodie Black,5,2023-10-26,برای زمستون خیلی نازکه
60791,Slim Jeans Blue,2,2023-08-13,اندازه‌اش خیلی کوچیک بود، ناراضی‌ام
60792,Slim Jeans Blue,4,2023-11-24,دوختش ضعیف بود، بعد دو بار پوشیدن باز شد
60793,Basic White T-Shirt,2,2023-03-31,گرون بود ولی کیفیتش حرف نداشت
60794,Oversize Hoodie Black,3,2023-01-17,دوختش ضعیف بود، بعد دو بار پوشیدن باز شد
60795,Oversize Hoodie Black,3,2023-03-29,رنگش فوق‌العاده قشنگه، بعد شستشو هم نرنگ شد
60796,Leather Jacket Brown,1,2023-01-24,کیفیت پارچه عالی بود، دقیقاً مثل عکس بود
60797,Summer Cotton Dress,3,2023-11-28,گرون بود ولی کیفیتش حرف نداشت
60798,Basic White T-Shirt,3,2023-08-11,عالی بود، همه ازم پرسیدن از کجا خریدم
60799,Oversize Hoodie Black,5,2023-02-27,ارزش خرید بالایی داشت، پیشنهاد می‌کنم
60800,Summer Cotton Dress,4,2023-07-08,گرون بود ولی کیفیتش حرف نداشت
60801,Basic White T-Shirt,4,2023-08-10,برای زمستون خیلی نازکه
60802,Oversize Hoodie Black,5,2023-12-19,اندازه‌اش خیلی کوچیک بود، ناراضی‌ام
60803,Slim Jeans Blue,3,2023-02-20,دوختش ضعیف بود، بعد دو بار پوشیدن باز شد
60804,Oversize Hoodie Black,2,2023-03-29,رنگش فوق‌العاده قشنگه، بعد شستشو هم نرنگ شد
60805,Slim Jeans Blue,5,2023-08-10,اندازه‌اش خیلی کوچیک بود، ناراضی‌ام
60806,Slim Jeans Blue,4,2023-12-14,رنگش فوق‌العاده قشنگه، بعد شستشو هم نرنگ شد
60807,Leather Jacket Brown,1,2023-06-16,خیلی راحت و خوشگل، برای هر موقعیتی مناسبه
60808,Leather Jacket Brown,4,2023-07-13,اندازه‌اش خیلی کوچیک بود، ناراضی‌ام
60809,Summer Cotton Dress,2,2023-04-11,اندازه‌اش خیلی کوچیک بود، ناراضی‌ام
60810,Basic White T-Shirt,4,2023-07-21,عالی بود، همه ازم پرسیدن از کجا خریدم
60811,Summer Cotton Dress,5,2023-01-13,رنگش فوق‌العاده قشنگه، بعد شستشو هم نرنگ شد
60812,Leather Jacket Brown,1,2023-05-27,رنگش فوق‌العاده قشنگه، بعد شستشو هم نرنگ شد
60813,Summer Cotton Dress,4,2023-09-19,خیلی راحت و خوشگل، برای هر موقعیتی مناسبه
60814,Basic White T-Shirt,5,2023-05-26,دوختش ضعیف بود، بعد دو بار پوشیدن باز شد
60815,Basic White T-Shirt,5,2023-01-09,رنگش فوق‌العاده قشنگه، بعد شستشو هم نرنگ شد
60816,Oversize Hoodie Black,5,2023-03-22,ارزش خرید بالایی داشت، پیشنهاد می‌کنم
60817,Summer Cotton Dress,1,2023-03-09,خیلی خوشگل بود ولی سایزبندی‌اش بد بود
60818,Leather Jacket Brown,5,2023-11-06,رنگش فوق‌العاده قشنگه، بعد شستشو هم نرنگ شد
60819,Oversize Hoodie Black,1,2023-05-06,عالی بود، همه ازم پرسیدن از کجا خریدم
60820,Summer Cotton Dress,2,2023-02-19,خیلی راحت و خوشگل، برای هر موقعیتی مناسبه
60821,Basic White T-Shirt,2,2023-03-11,دوختش ضعیف بود، بعد دو بار پوشیدن باز شد
60822,Leather Jacket Brown,2,2023-05-19,رنگش فوق‌العاده قشنگه، بعد شستشو هم نرنگ شد
60823,Summer Cotton Dress,5,2023-06-19,دوختش ضعیف بود، بعد دو بار پوشیدن باز شد
60824,Basic White T-Shirt,1,2023-03-31,گرون بود ولی کیفیتش حرف نداشت
60825,Basic White T-Shirt,2,2023-05-19,رنگش فوق‌العاده قشنگه، بعد شستشو هم نرنگ شد
60826,Summer Cotton Dress,3,2023-03-13,رنگش فوق‌العاده قشنگه، بعد شستشو هم نرنگ شد
60827,Summer Cotton Dress,2,2023-09-02,کیفیت پارچه عالی بود، دقیقاً مثل عکس بود
60828,Leather Jacket Brown,5,2023-03-08,اندازه‌اش خیلی کوچیک بود، ناراضی‌ام
60829,Oversize Hoodie Black,3,2023-05-10,خیلی راحت و خوشگل، برای هر موقعیتی مناسبه
60830,Basic White T-Shirt,4,2023-07-29,برای زمستون خیلی نازکه
60831,Oversize Hoodie Black,3,2023-07-13,رنگش فوق‌العاده قشنگه، بعد شستشو هم نرنگ شد
60832,Oversize Hoodie Black,4,2023-01-26,خیلی خوشگل بود ولی سایزبندی‌اش بد بود
60833,Basic White T-Shirt,3,2023-11-28,دوختش ضعیف بود، بعد دو بار پوشیدن باز شد
60834,Summer Cotton Dress,1,2023-10-20,برای زمستون خیلی نازکه
60835,Basic White T-Shirt,3,2023-08-06,خیلی راحت و خوشگل، برای هر موقعیتی مناسبه
60836,Oversize Hoodie Black,2,2023-02-05,خیلی راحت و خوشگل، برای هر موقعیتی مناسبه
60837,Leather Jacket Brown,4,2023-01-16,ارزش خرید بالایی داشت، پیشنهاد می‌کنم
60838,Basic White T-Shirt,4,2023-03-19,گرون بود ولی کیفیتش حرف نداشت
60839,Leather Jacket Brown,2,2023-11-18,ارزش خرید بالایی داشت، پیشنهاد می‌کنم
60840,Summer Cotton Dress,1,2023-01-21,خیلی راحت و خوشگل، برای هر موقعیتی مناسبه
60841,Summer Cotton Dress,3,2023-05-15,گرون بود ولی کیفیتش حرف نداشت
60842,Leather Jacket Brown,1,2023-09-02,خیلی خوشگل بود ولی سایزبندی‌اش بد بود
60843,Leather Jacket Brown,2,2023-07-03,رنگش فوق‌العاده قشنگه، بعد شستشو هم نرنگ شد
60844,Basic White T-Shirt,3,2023-06-21,رنگش فوق‌العاده قشنگه، بعد شستشو هم نرنگ شد
60845,Summer Cotton Dress,2,2023-02-23,گرون بود ولی کیفیتش حرف نداشت
60846,Leather Jacket Brown,4,2023-04-03,ارزش خرید بالایی داشت، پیشنهاد می‌کنم
60847,Slim Jeans Blue,4,2023-11-10,اندازه‌اش خیلی کوچیک بود، ناراضی‌ام
60848,Basic White T-Shirt,4,2023-10-20,کیفیت پارچه عالی بود، دقیقاً مثل عکس بود
60849,Basic White T-Shirt,5,2023-06-25,ارزش خرید بالایی داشت، پیشنهاد می‌کنم
60850,Slim Jeans Blue,5,2023-07-09,برای زمستون خیلی نازکه
60851,Summer Cotton Dress,4,2023-09-03,رنگش فوق‌العاده قشنگه، بعد شستشو هم نرنگ شد
60852,Leather Jacket Brown,5,2023-10-22,برای زمستون خیلی نازکه
60853,Leather Jacket Brown,5,2023-07-11,ارزش خرید بالایی داشت، پیشنهاد می‌کنم
60854,Summer Cotton Dress,2,2023-04-14,خیلی راحت و خوشگل، برای هر موقعیتی مناسبه
60855,Slim Jeans Blue,3,2023-03-09,خیلی خوشگل بود ولی سایزبندی‌اش بد بود
60856,Slim Jeans Blue,4,2023-11-20,خیلی خوشگل بود ولی سایزبندی‌اش بد بود
60857,Slim Jeans Blue,5,2023-06-04,خیلی خوشگل بود ولی سایزبندی‌اش بد بود
60858,Basic White T-Shirt,2,2023-08-14,اندازه‌اش خیلی کوچیک بود، ناراضی‌ام
60859,Leather Jacket Brown,2,2023-08-21,برای زمستون خیلی نازکه
60860,Oversize Hoodie Black,3,2023-04-14,دوختش ضعیف بود، بعد دو بار پوشیدن باز شد
60861,Basic White T-Shirt,2,2023-11-12,دوختش ضعیف بود، بعد دو بار پوشیدن باز شد
60862,Basic White T-Shirt,1,2023-08-28,اندازه‌اش خیلی کوچیک بود، ناراضی‌ام
60863,Leather Jacket Brown,1,2023-07-31,دوختش ضعیف بود، بعد دو بار پوشیدن باز شد
60864,Summer Cotton Dress,4,2023-05-06,ارزش خرید بالایی داشت، پیشنهاد می‌کنم
60865,Leather Jacket Brown,3,2023-05-03,اندازه‌اش خیلی کوچیک بود، ناراضی‌ام
60866,Summer Cotton Dress,1,2023-02-05,کیفیت پارچه عالی بود، دقیقاً مثل عکس بود
60867,Leather Jacket Brown,3,2023-08-26,ارزش خرید بالایی داشت، پیشنهاد می‌کنم
60868,Basic White T-Shirt,4,2023-08-30,برای زمستون خیلی نازکه
60869,Slim Jeans Blue,2,2023-05-13,برای زمستون خیلی نازکه
60870,Basic White T-Shirt,2,2023-08-15,برای زمستون خیلی نازکه
60871,Basic White T-Shirt,2,2023-03-31,دوختش ضعیف بود، بعد دو بار پوشیدن باز شد
60872,Oversize Hoodie Black,1,2023-09-12,خیلی خوشگل بود ولی سایزبندی‌اش بد بود
60873,Basic White T-Shirt,3,2023-03-24,کیفیت پارچه عالی بود، دقیقاً مثل عکس بود
60874,Basic White T-Shirt,1,2023-05-19,رنگش فوق‌العاده قشنگه، بعد شستشو هم نرنگ شد
60875,Basic White T-Shirt,5,2023-11-05,عالی بود، همه ازم پرسیدن از کجا خریدم
60876,Oversize Hoodie Black,3,2023-01-20,برای زمستون خیلی نازکه
60877,Summer Cotton Dress,4,2023-11-25,خیلی راحت و خوشگل، برای هر موقعیتی مناسبه
60878,Oversize Hoodie Black,1,2023-03-25,رنگش فوق‌العاده قشنگه، بعد شستشو هم نرنگ شد
60879,Slim Jeans Blue,2,2023-01-27,اندازه‌اش خیلی کوچیک بود، ناراضی‌ام
60880,Summer Cotton Dress,2,2023-02-27,دوختش ضعیف بود، بعد دو بار پوشیدن باز شد
60881,Oversize Hoodie Black,2,2023-11-26,اندازه‌اش خیلی کوچیک بود، ناراضی‌ام
60882,Slim Jeans Blue,1,2023-08-05,برای زمستون خیلی نازکه
60883,Slim Jeans Blue,1,2023-11-29,خیلی خوشگل بود ولی سایزبندی‌اش بد بود
60884,Leather Jacket Brown,2,2023-05-05,برای زمستون خیلی نازکه
60885,Leather Jacket Brown,2,2023-10-15,رنگش فوق‌العاده قشنگه، بعد شستشو هم نرنگ شد
60886,Basic White T-Shirt,2,2023-07-19,خیلی راحت و خوشگل، برای هر موقعیتی مناسبه
60887,Summer Cotton Dress,5,2023-10-10,برای زمستون خیلی نازکه
60888,Oversize Hoodie Black,1,2023-08-02,کیفیت پارچه عالی بود، دقیقاً مثل عکس بود
60889,Basic White T-Shirt,2,2023-06-05,گرون بود ولی کیفیتش حرف نداشت
60890,Summer Cotton Dress,4,2023-01-18,اندازه‌اش خیلی کوچیک بود، ناراضی‌ام
60891,Leather Jacket Brown,2,2023-12-09,برای زمستون خیلی نازکه
60892,Oversize Hoodie Black,1,2023-04-15,رنگش فوق‌العاده قشنگه، بعد شستشو هم نرنگ شد
60893,Slim Jeans Blue,4,2023-06-08,ارزش خرید بالایی داشت، پیشنهاد می‌کنم
60894,Slim Jeans Blue,1,2023-02-10,دوختش ضعیف بود، بعد دو بار پوشیدن باز شد
60895,Basic White T-Shirt,1,2023-10-17,اندازه‌اش خیلی کوچیک بود، ناراضی‌ام
60896,Basic White T-Shirt,1,2023-01-07,برای زمستون خیلی نازکه
60897,Oversize Hoodie Black,3,2023-01-05,رنگش فوق‌العاده قشنگه، بعد شستشو هم نرنگ شد
60898,Slim Jeans Blue,4,2023-01-21,ارزش خرید بالایی داشت، پیشنهاد می‌کنم
60899,Basic White T-Shirt,5,2023-05-14,برای زمستون خیلی نازکه
60900,Slim Jeans Blue,5,2023-04-30,عالی بود، همه ازم پرسیدن از کجا خریدم
60901,Leather Jacket Brown,3,2023-08-30,خیلی خوشگل بود ولی سایزبندی‌اش بد بود
60902,Basic White T-Shirt,1,2023-04-16,دوختش ضعیف بود، بعد دو بار پوشیدن باز شد
60903,Summer Cotton Dress,5,2023-12-09,ارزش خرید بالایی داشت، پیشنهاد می‌کنم
60904,Basic White T-Shirt,4,2023-05-11,رنگش فوق‌العاده قشنگه، بعد شستشو هم نرنگ شد
60905,Leather Jacket Brown,2,2023-02-07,دوختش ضعیف بود، بعد دو بار پوشیدن باز شد
60906,Oversize Hoodie Black,4,2023-03-28,ارزش خرید بالایی داشت، پیشنهاد می‌کنم
60907,Slim Jeans Blue,1,2023-12-02,رنگش فوق‌العاده قشنگه، بعد شستشو هم نرنگ شد
60908,Oversize Hoodie Black,4,2023-04-23,خیلی خوشگل بود ولی سایزبندی‌اش بد بود
60909,Basic White T-Shirt,1,2023-09-08,اندازه‌اش خیلی کوچیک بود، ناراضی‌ام
60910,Summer Cotton Dress,4,2023-12-11,خیلی خوشگل بود ولی سایزبندی‌اش بد بود
60911,Oversize Hoodie Black,3,2023-03-12,برای زمستون خیلی نازکه
60912,Summer Cotton Dress,4,2023-09-21,گرون بود ولی کیفیتش حرف نداشت
60913,Basic White T-Shirt,5,2023-03-10,خیلی راحت و خوشگل، برای هر موقعیتی مناسبه
60914,Summer Cotton Dress,2,2023-09-12,رنگش فوق‌العاده قشنگه، بعد شستشو هم نرنگ شد
60915,Summer Cotton Dress,3,2023-10-02,خیلی راحت و خوشگل، برای هر موقعیتی مناسبه
60916,Leather Jacket Brown,4,2023-03-27,برای زمستون خیلی نازکه
60917,Oversize Hoodie Black,1,2023-08-06,برای زمستون خیلی نازکه
60918,Basic White T-Shirt,3,2023-02-19,ارزش خرید بالایی داشت، پیشنهاد می‌کنم
60919,Leather Jacket Brown,5,2023-05-14,برای زمستون خیلی نازکه
60920,Summer Cotton Dress,2,2023-08-18,برای زمستون خیلی نازکه
60921,Leather Jacket Brown,2,2023-03-02,ارزش خرید بالایی داشت، پیشنهاد می‌کنم
60922,Leather Jacket Brown,4,2023-09-09,دوختش ضعیف بود، بعد دو بار پوشیدن باز شد
60923,Summer Cotton Dress,5,2023-08-18,رنگش فوق‌العاده قشنگه، بعد شستشو هم نرنگ شد
60924,Basic White T-Shirt,5,2023-12-17,کیفیت پارچه عالی بود، دقیقاً مثل عکس بود
60925,Slim Jeans Blue,2,2023-02-27,خیلی راحت و خوشگل، برای هر موقعیتی مناسبه
60926,Leather Jacket Brown,2,2023-07-04,کیفیت پارچه عالی بود، دقیقاً مثل عکس بود
60927,Oversize Hoodie Black,5,2023-07-22,کیفیت پارچه عالی بود، دقیقاً مثل عکس بود
60928,Summer Cotton Dress,2,2023-02-01,ارزش خرید بالایی داشت، پیشنهاد می‌کنم
60929,Slim Jeans Blue,1,2023-05-25,دوختش ضعیف بود، بعد دو بار پوشیدن باز شد
60930,Leather Jacket Brown,2,2023-06-18,گرون بود ولی کیفیتش حرف نداشت
60931,Summer Cotton Dress,1,2023-01-22,کیفیت پارچه عالی بود، دقیقاً مثل عکس بود
60932,Summer Cotton Dress,2,2023-12-02,کیفیت پارچه عالی بود، دقیقاً مثل عکس بود
60933,Leather Jacket Brown,3,2023-10-25,عالی بود، همه ازم پرسیدن از کجا خریدم
60934,Oversize Hoodie Black,3,2023-03-20,ارزش خرید بالایی داشت، پیشنهاد می‌کنم
60935,Summer Cotton Dress,3,2023-05-16,عالی بود، همه ازم پرسیدن از کجا خریدم
60936,Summer Cotton Dress,1,2023-10-29,ارزش خرید بالایی داشت، پیشنهاد می‌کنم
60937,Leather Jacket Brown,1,2023-06-25,ارزش خرید بالایی داشت، پیشنهاد می‌کنم
60938,Slim Jeans Blue,4,2023-03-18,خیلی خوشگل بود ولی سایزبندی‌اش بد بود
60939,Summer Cotton Dress,4,2023-01-30,گرون بود ولی کیفیتش حرف نداشت
60940,Summer Cotton Dress,2,2023-10-11,اندازه‌اش خیلی کوچیک بود، ناراضی‌ام
60941,Leather Jacket Brown,1,2023-11-25,رنگش فوق‌العاده قشنگه، بعد شستشو هم نرنگ شد
60942,Summer Cotton Dress,3,2023-06-02,خیلی راحت و خوشگل، برای هر موقعیتی مناسبه
60943,Leather Jacket Brown,3,2023-08-01,کیفیت پارچه عالی بود، دقیقاً مثل عکس بود
60944,Oversize Hoodie Black,3,2023-06-28,برای زمستون خیلی نازکه
60945,Leather Jacket Brown,2,2023-10-22,برای زمستون خیلی نازکه
60946,Slim Jeans Blue,1,2023-03-24,خیلی راحت و خوشگل، برای هر موقعیتی مناسبه
60947,Summer Cotton Dress,2,2023-07-19,کیفیت پارچه عالی بود، دقیقاً مثل عکس بود
60948,Oversize Hoodie Black,5,2023-11-19,کیفیت پارچه عالی بود، دقیقاً مثل عکس بود
60949,Summer Cotton Dress,5,2023-05-09,ارزش خرید بالایی داشت، پیشنهاد می‌کنم
60950,Summer Cotton Dress,4,2023-10-21,اندازه‌اش خیلی کوچیک بود، ناراضی‌ام
60951,Leather Jacket Brown,1,2023-07-10,کیفیت پارچه عالی بود، دقیقاً مثل عکس بود
60952,Summer Cotton Dress,3,2023-02-21,خیلی خوشگل بود ولی سایزبندی‌اش بد بود
60953,Oversize Hoodie Black,1,2023-03-24,اندازه‌اش خیلی کوچیک بود، ناراضی‌ام
60954,Basic White T-Shirt,4,2023-12-07,گرون بود ولی کیفیتش حرف نداشت
60955,Summer Cotton Dress,3,2023-07-07,خیلی راحت و خوشگل، برای هر موقعیتی مناسبه
60956,Leather Jacket Brown,2,2023-01-13,گرون بود ولی کیفیتش حرف نداشت
60957,Slim Jeans Blue,3,2023-08-07,گرون بود ولی کیفیتش حرف نداشت
60958,Summer Cotton Dress,5,2023-01-17,خیلی راحت و خوشگل، برای هر موقعیتی مناسبه
60959,Leather Jacket Brown,2,2023-08-30,اندازه‌اش خیلی کوچیک بود، ناراضی‌ام
60960,Summer Cotton Dress,3,2023-12-06,برای زمستون خیلی نازکه
60961,Basic White T-Shirt,2,2023-06-07,خیلی خوشگل بود ولی سایزبندی‌اش بد بود
60962,Basic White T-Shirt,5,2023-06-15,خیلی خوشگل بود ولی سایزبندی‌اش بد بود
60963,Oversize Hoodie Black,5,2023-05-19,رنگش فوق‌العاده قشنگه، بعد شستشو هم نرنگ شد
60964,Basic White T-Shirt,1,2023-10-21,کیفیت پارچه عالی بود، دقیقاً مثل عکس بود
60965,Leather Jacket Brown,5,2023-01-28,عالی بود، همه ازم پرسیدن از کجا خریدم
60966,Basic White T-Shirt,5,2023-06-10,خیلی راحت و خوشگل، برای هر موقعیتی مناسبه
60967,Leather Jacket Brown,5,2023-07-01,برای زمستون خیلی نازکه
60968,Summer Cotton Dress,4,2023-10-07,عالی بود، همه ازم پرسیدن از کجا خریدم
60969,Oversize Hoodie Black,5,2023-06-04,گرون بود ولی کیفیتش حرف نداشت
60970,Oversize Hoodie Black,1,2023-10-29,برای زمستون خیلی نازکه
60971,Basic White T-Shirt,2,2023-08-02,اندازه‌اش خیلی کوچیک بود، ناراضی‌ام
60972,Slim Jeans Blue,4,2023-12-06,خیلی راحت و خوشگل، برای هر موقعیتی مناسبه
60973,Basic White T-Shirt,2,2023-12-19,دوختش ضعیف بود، بعد دو بار پوشیدن باز شد
60974,Slim Jeans Blue,2,2023-03-10,دوختش ضعیف بود، بعد دو بار پوشیدن باز شد
60975,Basic White T-Shirt,1,2023-11-21,کیفیت پارچه عالی بود، دقیقاً مثل عکس بود
60976,Leather Jacket Brown,4,2023-10-22,برای زمستون خیلی نازکه
60977,Leather Jacket Brown,3,2023-07-28,برای زمستون خیلی نازکه
60978,Slim Jeans Blue,5,2023-06-06,دوختش ضعیف بود، بعد دو بار پوشیدن باز شد
60979,Oversize Hoodie Black,2,2023-03-16,خیلی خوشگل بود ولی سایزبندی‌اش بد بود
60980,Slim Jeans Blue,2,2023-12-08,رنگش فوق‌العاده قشنگه، بعد شستشو هم نرنگ شد
60981,Summer Cotton Dress,1,2023-10-14,عالی بود، همه ازم پرسیدن از کجا خریدم
60982,Oversize Hoodie Black,1,2023-08-19,گرون بود ولی کیفیتش حرف نداشت
60983,Slim Jeans Blue,1,2023-03-06,دوختش ضعیف بود، بعد دو بار پوشیدن باز شد
60984,Summer Cotton Dress,4,2023-09-28,کیفیت پارچه عالی بود، دقیقاً مثل عکس بود
60985,Summer Cotton Dress,5,2023-03-24,گرون بود ولی کیفیتش حرف نداشت
60986,Basic White T-Shirt,4,2023-03-15,کیفیت پارچه عالی بود، دقیقاً مثل عکس بود
60987,Slim Jeans Blue,1,2023-09-22,کیفیت پارچه عالی بود، دقیقاً مثل عکس بود
60988,Leather Jacket Brown,1,2023-09-26,برای زمستون خیلی نازکه
60989,Basic White T-Shirt,2,2023-10-28,ارزش خرید بالایی داشت، پیشنهاد می‌کنم
60990,Oversize Hoodie Black,4,2023-03-31,گرون بود ولی کیفیتش حرف نداشت
60991,Leather Jacket Brown,4,2023-10-27,اندازه‌اش خیلی کوچیک بود، ناراضی‌ام
60992,Summer Cotton Dress,5,2023-01-02,عالی بود، همه ازم پرسیدن از کجا خریدم
60993,Oversize Hoodie Black,4,2023-06-25,گرون بود ولی کیفیتش حرف نداشت
60994,Basic White T-Shirt,5,2023-05-05,دوختش ضعیف بود، بعد دو بار پوشیدن باز شد
60995,Summer Cotton Dress,3,2023-09-25,عالی بود، همه ازم پرسیدن از کجا خریدم
60996,Summer Cotton Dress,5,2023-08-03,اندازه‌اش خیلی کوچیک بود، ناراضی‌ام
60997,Summer Cotton Dress,1,2023-03-08,ارزش خرید بالایی داشت، پیشنهاد می‌کنم
60998,Leather Jacket Brown,3,2023-06-27,خیلی راحت و خوشگل، برای هر موقعیتی مناسبه
60999,Basic White T-Shirt,2,2023-09-24,گرون بود ولی کیفیتش حرف نداشت
61000,Basic White T-Shirt,2,2023-01-05,ارزش خرید بالایی داشت، پیشنهاد می‌کنم
61001,Leather Jacket Brown,2,2023-10-28,ارزش خرید بالایی داشت، پیشنهاد می‌کنم
61002,Basic White T-Shirt,1,2023-07-21,دوختش ضعیف بود، بعد دو بار پوشیدن باز شد
61003,Summer Cotton Dress,2,2023-04-27,دوختش ضعیف بود، بعد دو بار پوشیدن باز شد
61004,Summer Cotton Dress,5,2023-12-02,اندازه‌اش خیلی کوچیک بود، ناراضی‌ام
61005,Summer Cotton Dress,1,2023-12-16,گرون بود ولی کیفیتش حرف نداشت
61006,Basic White T-Shirt,4,2023-08-20,گرون بود ولی کیفیتش حرف نداشت
61007,Slim Jeans Blue,1,2023-03-25,عالی بود، همه ازم پرسیدن از کجا خریدم
61008,Oversize Hoodie Black,1,2023-03-30,خیلی راحت و خوشگل، برای هر موقعیتی مناسبه
61009,Slim Jeans Blue,4,2023-08-15,برای زمستون خیلی نازکه
61010,Leather Jacket Brown,5,2023-04-21,خیلی خوشگل بود ولی سایزبندی‌اش بد بود
61011,Slim Jeans Blue,3,2023-11-19,رنگش فوق‌العاده قشنگه، بعد شستشو هم نرنگ شد
61012,Slim Jeans Blue,4,2023-01-12,رنگش فوق‌العاده قشنگه، بعد شستشو هم نرنگ شد
61013,Leather Jacket Brown,1,2023-01-27,اندازه‌اش خیلی کوچیک بود، ناراضی‌ام
61014,Slim Jeans Blue,2,2023-04-15,خیلی خوشگل بود ولی سایزبندی‌اش بد بود
61015,Oversize Hoodie Black,4,2023-03-27,گرون بود ولی کیفیتش حرف نداشت
61016,Basic White T-Shirt,4,2023-06-05,خیلی خوشگل بود ولی سایزبندی‌اش بد بود
61017,Leather Jacket Brown,3,2023-07-18,اندازه‌اش خیلی کوچیک بود، ناراضی‌ام
61018,Slim Jeans Blue,1,2023-05-17,گرون بود ولی کیفیتش حرف نداشت
61019,Summer Cotton Dress,2,2023-01-31,رنگش فوق‌العاده قشنگه، بعد شستشو هم نرنگ شد
61020,Summer Cotton Dress,2,2023-06-13,کیفیت پارچه عالی بود، دقیقاً مثل عکس بود
61021,Leather Jacket Brown,3,2023-04-23,عالی بود، همه ازم پرسیدن از کجا خریدم
61022,Summer Cotton Dress,2,2023-09-28,عالی بود، همه ازم پرسیدن از کجا خریدم
61023,Oversize Hoodie Black,5,2023-12-19,خیلی خوشگل بود ولی سایزبندی‌اش بد بود
61024,Slim Jeans Blue,4,2023-10-14,کیفیت پارچه عالی بود، دقیقاً مثل عکس بود
61025,Oversize Hoodie Black,4,2023-09-15,ارزش خرید بالایی داشت، پیشنهاد می‌کنم
61026,Oversize Hoodie Black,2,2023-07-20,خیلی راحت و خوشگل، برای هر موقعیتی مناسبه
61027,Basic White T-Shirt,2,2023-10-26,دوختش ضعیف بود، بعد دو بار پوشیدن باز شد
61028,Slim Jeans Blue,2,2023-01-01,عالی بود، همه ازم پرسیدن از کجا خریدم
61029,Leather Jacket Brown,4,2023-07-30,عالی بود، همه ازم پرسیدن از کجا خریدم
61030,Summer Cotton Dress,2,2023-09-22,گرون بود ولی کیفیتش حرف نداشت
61031,Basic White T-Shirt,5,2023-07-07,دوختش ضعیف بود، بعد دو بار پوشیدن باز شد
61032,Oversize Hoodie Black,5,2023-08-29,ارزش خرید بالایی داشت، پیشنهاد می‌کنم
61033,Summer Cotton Dress,4,2023-07-12,عالی بود، همه ازم پرسیدن از کجا خریدم
61034,Slim Jeans Blue,1,2023-04-20,دوختش ضعیف بود، بعد دو بار پوشیدن باز شد
61035,Oversize Hoodie Black,1,2023-04-21,رنگش فوق‌العاده قشنگه، بعد شستشو هم نرنگ شد
61036,Oversize Hoodie Black,1,2023-03-06,برای زمستون خیلی نازکه
61037,Slim Jeans Blue,5,2023-03-06,برای زمستون خیلی نازکه
61038,Leather Jacket Brown,3,2023-11-13,خیلی خوشگل بود ولی سایزبندی‌اش بد بود
61039,Basic White T-Shirt,1,2023-08-23,کیفیت پارچه عالی بود، دقیقاً مثل عکس بود
61040,Slim Jeans Blue,3,2023-04-05,گرون بود ولی کیفیتش حرف نداشت
61041,Summer Cotton Dress,4,2023-07-16,خیلی راحت و خوشگل، برای هر موقعیتی مناسبه
61042,Summer Cotton Dress,5,2023-10-18,ارزش خرید بالایی داشت، پیشنهاد می‌کنم
61043,Oversize Hoodie Black,1,2023-07-15,گرون بود ولی کیفیتش حرف نداشت
61044,Basic White T-Shirt,5,2023-02-07,عالی بود، همه ازم پرسیدن از کجا خریدم
61045,Leather Jacket Brown,4,2023-02-08,دوختش ضعیف بود، بعد دو بار پوشیدن باز شد
61046,Leather Jacket Brown,5,2023-05-29,دوختش ضعیف بود، بعد دو بار پوشیدن باز شد
61047,Summer Cotton Dress,2,2023-06-13,ارزش خرید بالایی داشت، پیشنهاد می‌کنم
61048,Leather Jacket Brown,1,2023-08-08,گرون بود ولی کیفیتش حرف نداشت
61049,Summer Cotton Dress,5,2023-10-03,دوختش ضعیف بود، بعد دو بار پوشیدن باز شد
61050,Basic White T-Shirt,5,2023-02-12,دوختش ضعیف بود، بعد دو بار پوشیدن باز شد
61051,Oversize Hoodie Black,5,2023-08-26,خیلی راحت و خوشگل، برای هر موقعیتی مناسبه
61052,Summer Cotton Dress,4,2023-06-12,کیفیت پارچه عالی بود، دقیقاً مثل عکس بود
61053,Basic White T-Shirt,1,2023-11-16,گرون بود ولی کیفیتش حرف نداشت
61054,Summer Cotton Dress,1,2023-04-17,گرون بود ولی کیفیتش حرف نداشت
61055,Slim Jeans Blue,2,2023-10-15,ارزش خرید بالایی داشت، پیشنهاد می‌کنم
61056,Summer Cotton Dress,2,2023-10-19,خیلی خوشگل بود ولی سایزبندی‌اش بد بود
61057,Basic White T-Shirt,5,2023-04-15,اندازه‌اش خیلی کوچیک بود، ناراضی‌ام
61058,Leather Jacket Brown,1,2023-03-10,اندازه‌اش خیلی کوچیک بود، ناراضی‌ام
61059,Summer Cotton Dress,1,2023-04-19,ارزش خرید بالایی داشت، پیشنهاد می‌کنم
61060,Oversize Hoodie Black,5,2023-06-29,برای زمستون خیلی نازکه
61061,Basic White T-Shirt,3,2023-05-12,دوختش ضعیف بود، بعد دو بار پوشیدن باز شد
61062,Leather Jacket Brown,1,2023-01-07,گرون بود ولی کیفیتش حرف نداشت
61063,Basic White T-Shirt,5,2023-12-06,اندازه‌اش خیلی کوچیک بود، ناراضی‌ام
61064,Summer Cotton Dress,5,2023-05-29,ارزش خرید بالایی داشت، پیشنهاد می‌کنم
61065,Slim Jeans Blue,3,2023-07-04,ارزش خرید بالایی داشت، پیشنهاد می‌کنم
61066,Slim Jeans Blue,2,2023-06-05,خیلی خوشگل بود ولی سایزبندی‌اش بد بود
61067,Oversize Hoodie Black,5,2023-10-17,ارزش خرید بالایی داشت، پیشنهاد می‌کنم
61068,Oversize Hoodie Black,1,2023-09-02,ارزش خرید بالایی داشت، پیشنهاد می‌کنم
61069,Leather Jacket Brown,2,2023-09-29,خیلی راحت و خوشگل، برای هر موقعیتی مناسبه
61070,Slim Jeans Blue,2,2023-02-07,دوختش ضعیف بود، بعد دو بار پوشیدن باز شد
61071,Summer Cotton Dress,2,2023-04-25,خیلی راحت و خوشگل، برای هر موقعیتی مناسبه
61072,Basic White T-Shirt,5,2023-12-03,ارزش خرید بالایی داشت، پیشنهاد می‌کنم
61073,Basic White T-Shirt,1,2023-04-29,برای زمستون خیلی نازکه
61074,Slim Jeans Blue,3,2023-05-12,دوختش ضعیف بود، بعد دو بار پوشیدن باز شد
61075,Slim Jeans Blue,4,2023-02-25,دوختش ضعیف بود، بعد دو بار پوشیدن باز شد
61076,Basic White T-Shirt,4,2023-04-30,رنگش فوق‌العاده قشنگه، بعد شستشو هم نرنگ شد
61077,Leather Jacket Brown,2,2023-02-19,گرون بود ولی کیفیتش حرف نداشت
61078,Basic White T-Shirt,4,2023-03-23,دوختش ضعیف بود، بعد دو بار پوشیدن باز شد
61079,Oversize Hoodie Black,4,2023-02-18,اندازه‌اش خیلی کوچیک بود، ناراضی‌ام
61080,Summer Cotton Dress,5,2023-02-17,برای زمستون خیلی نازکه
61081,Slim Jeans Blue,3,2023-05-14,دوختش ضعیف بود، بعد دو بار پوشیدن باز شد
61082,Slim Jeans Blue,4,2023-08-26,گرون بود ولی کیفیتش حرف نداشت
61083,Leather Jacket Brown,3,2023-12-01,گرون بود ولی کیفیتش حرف نداشت
61084,Oversize Hoodie Black,4,2023-06-22,خیلی خوشگل بود ولی سایزبندی‌اش بد بود
61085,Basic White T-Shirt,2,2023-05-25,عالی بود، همه ازم پرسیدن از کجا خریدم
61086,Oversize Hoodie Black,2,2023-07-06,خیلی راحت و خوشگل، برای هر موقعیتی مناسبه
61087,Oversize Hoodie Black,3,2023-04-30,گرون بود ولی کیفیتش حرف نداشت
61088,Leather Jacket Brown,3,2023-07-03,رنگش فوق‌العاده قشنگه، بعد شستشو هم نرنگ شد
61089,Leather Jacket Brown,3,2023-03-20,برای زمستون خیلی نازکه
61090,Basic White T-Shirt,3,2023-06-12,عالی بود، همه ازم پرسیدن از کجا خریدم
61091,Basic White T-Shirt,1,2023-01-08,خیلی خوشگل بود ولی سایزبندی‌اش بد بود
61092,Summer Cotton Dress,2,2023-04-09,برای زمستون خیلی نازکه
61093,Oversize Hoodie Black,4,2023-11-13,اندازه‌اش خیلی کوچیک بود، ناراضی‌ام
61094,Basic White T-Shirt,1,2023-01-27,خیلی راحت و خوشگل، برای هر موقعیتی مناسبه
61095,Leather Jacket Brown,3,2023-10-03,کیفیت پارچه عالی بود، دقیقاً مثل عکس بود
61096,Summer Cotton Dress,4,2023-11-09,عالی بود، همه ازم پرسیدن از کجا خریدم
61097,Summer Cotton Dress,2,2023-10-06,خیلی راحت و خوشگل، برای هر موقعیتی مناسبه
61098,Leather Jacket Brown,3,2023-07-23,خیلی راحت و خوشگل، برای هر موقعیتی مناسبه
61099,Basic White T-Shirt,5,2023-06-09,گرون بود ولی کیفیتش حرف نداشت
61100,Leather Jacket Brown,3,2023-06-27,ارزش خرید بالایی داشت، پیشنهاد می‌کنم
61101,Basic White T-Shirt,4,2023-07-11,رنگش فوق‌العاده قشنگه، بعد شستشو هم نرنگ شد
61102,Leather Jacket Brown,2,2023-02-09,عالی بود، همه ازم پرسیدن از کجا خریدم
61103,Leather Jacket Brown,3,2023-08-24,اندازه‌اش خیلی کوچیک بود، ناراضی‌ام
61104,Slim Jeans Blue,2,2023-02-02,کیفیت پارچه عالی بود، دقیقاً مثل عکس بود
61105,Basic White T-Shirt,1,2023-01-29,اندازه‌اش خیلی کوچیک بود، ناراضی‌ام
61106,Oversize Hoodie Black,5,2023-02-02,برای زمستون خیلی نازکه
61107,Slim Jeans Blue,1,2023-04-10,دوختش ضعیف بود، بعد دو بار پوشیدن باز شد
61108,Slim Jeans Blue,5,2023-05-25,دوختش ضعیف بود، بعد دو بار پوشیدن باز شد
61109,Slim Jeans Blue,1,2023-11-26,ارزش خرید بالایی داشت، پیشنهاد می‌کنم
61110,Slim Jeans Blue,2,2023-03-06,رنگش فوق‌العاده قشنگه، بعد شستشو هم نرنگ شد
61111,Oversize Hoodie Black,2,2023-05-02,کیفیت پارچه عالی بود، دقیقاً مثل عکس بود
61112,Slim Jeans Blue,1,2023-02-12,عالی بود، همه ازم پرسیدن از کجا خریدم
61113,Oversize Hoodie Black,4,2023-07-28,گرون بود ولی کیفیتش حرف نداشت
61114,Oversize Hoodie Black,1,2023-08-18,عالی بود، همه ازم پرسیدن از کجا خریدم
61115,Slim Jeans Blue,3,2023-05-07,برای زمستون خیلی نازکه
61116,Summer Cotton Dress,4,2023-07-05,اندازه‌اش خیلی کوچیک بود، ناراضی‌ام
61117,Oversize Hoodie Black,2,2023-08-25,دوختش ضعیف بود، بعد دو بار پوشیدن باز شد
61118,Slim Jeans Blue,1,2023-04-01,اندازه‌اش خیلی کوچیک بود، ناراضی‌ام
61119,Leather Jacket Brown,4,2023-02-12,عالی بود، همه ازم پرسیدن از کجا خریدم
61120,Leather Jacket Brown,3,2023-02-15,خیلی راحت و خوشگل، برای هر موقعیتی مناسبه
61121,Basic White T-Shirt,5,2023-01-25,خیلی راحت و خوشگل، برای هر موقعیتی مناسبه
61122,Oversize Hoodie Black,2,2023-12-20,خیلی خوشگل بود ولی سایزبندی‌اش بد بود
61123,Oversize Hoodie Black,4,2023-07-14,عالی بود، همه ازم پرسیدن از کجا خریدم
61124,Leather Jacket Brown,4,2023-12-15,گرون بود ولی کیفیتش حرف نداشت
61125,Oversize Hoodie Black,4,2023-04-09,کیفیت پارچه عالی بود، دقیقاً مثل عکس بود
61126,Oversize Hoodie Black,1,2023-09-13,گرون بود ولی کیفیتش حرف نداشت
61127,Leather Jacket Brown,2,2023-11-26,خیلی خوشگل بود ولی سایزبندی‌اش بد بود
61128,Slim Jeans Blue,2,2023-10-21,رنگش فوق‌العاده قشنگه، بعد شستشو هم نرنگ شد
61129,Leather Jacket Brown,1,2023-09-03,دوختش ضعیف بود، بعد دو بار پوشیدن باز شد
61130,Summer Cotton Dress,1,2023-06-15,عالی بود، همه ازم پرسیدن از کجا خریدم
61131,Leather Jacket Brown,1,2023-09-14,ارزش خرید بالایی داشت، پیشنهاد می‌کنم
61132,Leather Jacket Brown,3,2023-11-06,عالی بود، همه ازم پرسیدن از کجا خریدم
61133,Slim Jeans Blue,4,2023-12-18,دوختش ضعیف بود، بعد دو بار پوشیدن باز شد
61134,Leather Jacket Brown,3,2023-10-05,خیلی خوشگل بود ولی سایزبندی‌اش بد بود
61135,Leather Jacket Brown,2,2023-07-08,برای زمستون خیلی نازکه
61136,Slim Jeans Blue,1,2023-07-05,ارزش خرید بالایی داشت، پیشنهاد می‌کنم
61137,Leather Jacket Brown,4,2023-07-01,برای زمستون خیلی نازکه
61138,Slim Jeans Blue,5,2023-10-02,خیلی راحت و خوشگل، برای هر موقعیتی مناسبه
61139,Summer Cotton Dress,4,2023-08-15,اندازه‌اش خیلی کوچیک بود، ناراضی‌ام
61140,Slim Jeans Blue,5,2023-02-03,عالی بود، همه ازم پرسیدن از کجا خریدم
61141,Oversize Hoodie Black,4,2023-07-26,دوختش ضعیف بود، بعد دو بار پوشیدن باز شد
61142,Oversize Hoodie Black,1,2023-02-13,اندازه‌اش خیلی کوچیک بود، ناراضی‌ام
61143,Slim Jeans Blue,5,2023-09-02,ارزش خرید بالایی داشت، پیشنهاد می‌کنم
61144,Leather Jacket Brown,5,2023-09-11,رنگش فوق‌العاده قشنگه، بعد شستشو هم نرنگ شد
61145,Basic White T-Shirt,2,2023-04-19,کیفیت پارچه عالی بود، دقیقاً مثل عکس بود
61146,Basic White T-Shirt,4,2023-11-19,ارزش خرید بالایی داشت، پیشنهاد می‌کنم
61147,Summer Cotton Dress,3,2023-04-24,عالی بود، همه ازم پرسیدن از کجا خریدم
61148,Summer Cotton Dress,3,2023-10-05,کیفیت پارچه عالی بود، دقیقاً مثل عکس بود
61149,Basic White T-Shirt,2,2023-08-25,رنگش فوق‌العاده قشنگه، بعد شستشو هم نرنگ شد
61150,Basic White T-Shirt,2,2023-01-29,ارزش خرید بالایی داشت، پیشنهاد می‌کنم
61151,Slim Jeans Blue,2,2023-08-10,خیلی خوشگل بود ولی سایزبندی‌اش بد بود
61152,Basic White T-Shirt,1,2023-11-14,رنگش فوق‌العاده قشنگه، بعد شستشو هم نرنگ شد
61153,Oversize Hoodie Black,1,2023-09-28,گرون بود ولی کیفیتش حرف نداشت
61154,Summer Cotton Dress,1,2023-08-30,ارزش خرید بالایی داشت، پیشنهاد می‌کنم
61155,Summer Cotton Dress,1,2023-04-07,برای زمستون خیلی نازکه
61156,Oversize Hoodie Black,2,2023-12-09,ارزش خرید بالایی داشت، پیشنهاد می‌کنم
61157,Summer Cotton Dress,2,2023-09-20,گرون بود ولی کیفیتش حرف نداشت
61158,Basic White T-Shirt,1,2023-12-06,اندازه‌اش خیلی کوچیک بود، ناراضی‌ام
61159,Summer Cotton Dress,1,2023-01-07,خیلی خوشگل بود ولی سایزبندی‌اش بد بود
61160,Oversize Hoodie Black,5,2023-09-30,خیلی راحت و خوشگل، برای هر موقعیتی مناسبه
61161,Summer Cotton Dress,4,2023-10-15,دوختش ضعیف بود، بعد دو بار پوشیدن باز شد
61162,Basic White T-Shirt,5,2023-12-01,اندازه‌اش خیلی کوچیک بود، ناراضی‌ام
61163,Slim Jeans Blue,4,2023-07-24,خیلی خوشگل بود ولی سایزبندی‌اش بد بود
61164,Basic White T-Shirt,1,2023-07-03,خیلی خوشگل بود ولی سایزبندی‌اش بد بود
61165,Summer Cotton Dress,1,2023-11-14,خیلی خوشگل بود ولی سایزبندی‌اش بد بود
61166,Leather Jacket Brown,1,2023-02-27,گرون بود ولی کیفیتش حرف نداشت
61167,Summer Cotton Dress,5,2023-04-21,خیلی راحت و خوشگل، برای هر موقعیتی مناسبه
61168,Summer Cotton Dress,2,2023-07-05,برای زمستون خیلی نازکه
61169,Oversize Hoodie Black,4,2023-05-11,عالی بود، همه ازم پرسیدن از کجا خریدم
61170,Leather Jacket Brown,5,2023-03-30,خیلی خوشگل بود ولی سایزبندی‌اش بد بود
61171,Oversize Hoodie Black,1,2023-12-02,برای زمستون خیلی نازکه
61172,Oversize Hoodie Black,2,2023-04-28,عالی بود، همه ازم پرسیدن از کجا خریدم
61173,Basic White T-Shirt,5,2023-09-14,دوختش ضعیف بود، بعد دو بار پوشیدن باز شد
61174,Slim Jeans Blue,4,2023-04-20,برای زمستون خیلی نازکه
61175,Summer Cotton Dress,1,2023-03-08,دوختش ضعیف بود، بعد دو بار پوشیدن باز شد
61176,Leather Jacket Brown,4,2023-05-28,عالی بود، همه ازم پرسیدن از کجا خریدم
61177,Summer Cotton Dress,1,2023-08-08,خیلی راحت و خوشگل، برای هر موقعیتی مناسبه
61178,Oversize Hoodie Black,1,2023-08-02,دوختش ضعیف بود، بعد دو بار پوشیدن باز شد
61179,Slim Jeans Blue,3,2023-03-03,خیلی راحت و خوشگل، برای هر موقعیتی مناسبه
61180,Oversize Hoodie Black,4,2023-02-25,اندازه‌اش خیلی کوچیک بود، ناراضی‌ام
61181,Summer Cotton Dress,2,2023-11-08,خیلی راحت و خوشگل، برای هر موقعیتی مناسبه
61182,Basic White T-Shirt,1,2023-11-30,دوختش ضعیف بود، بعد دو بار پوشیدن باز شد
61183,Summer Cotton Dress,2,2023-12-01,ارزش خرید بالایی داشت، پیشنهاد می‌کنم
61184,Oversize Hoodie Black,5,2023-04-06,خیلی راحت و خوشگل، برای هر موقعیتی مناسبه
61185,Leather Jacket Brown,1,2023-05-26,خیلی خوشگل بود ولی سایزبندی‌اش بد بود
61186,Leather Jacket Brown,1,2023-02-17,خیلی راحت و خوشگل، برای هر موقعیتی مناسبه
61187,Leather Jacket Brown,1,2023-10-21,ارزش خرید بالایی داشت، پیشنهاد می‌کنم
61188,Leather Jacket Brown,2,2023-10-05,گرون بود ولی کیفیتش حرف نداشت
61189,Leather Jacket Brown,3,2023-07-22,گرون بود ولی کیفیتش حرف نداشت
61190,Slim Jeans Blue,4,2023-07-18,خیلی راحت و خوشگل، برای هر موقعیتی مناسبه
61191,Slim Jeans Blue,1,2023-11-25,دوختش ضعیف بود، بعد دو بار پوشیدن باز شد
61192,Basic White T-Shirt,4,2023-05-04,رنگش فوق‌العاده قشنگه، بعد شستشو هم نرنگ شد
61193,Leather Jacket Brown,4,2023-07-19,دوختش ضعیف بود، بعد دو بار پوشیدن باز شد
61194,Oversize Hoodie Black,4,2023-03-16,خیلی خوشگل بود ولی سایزبندی‌اش بد بود
61195,Oversize Hoodie Black,2,2023-06-06,دوختش ضعیف بود، بعد دو بار پوشیدن باز شد
61196,Summer Cotton Dress,4,2023-05-14,خیلی راحت و خوشگل، برای هر موقعیتی مناسبه
61197,Leather Jacket Brown,5,2023-11-08,ارزش خرید بالایی داشت، پیشنهاد می‌کنم
61198,Oversize Hoodie Black,2,2023-04-30,دوختش ضعیف بود، بعد دو بار پوشیدن باز شد
61199,Basic White T-Shirt,2,2023-01-12,عالی بود، همه ازم پرسیدن از کجا خریدم
61200,Oversize Hoodie Black,5,2023-08-23,اندازه‌اش خیلی کوچیک بود، ناراضی‌ام
